#{"t_start": 1620892422.01914, "env_id": "CartPole-v0"}
r,l,t
9.0,9,2.223934
10.0,10,2.244431
10.0,10,2.263142
10.0,10,2.281807
10.0,10,2.300502
10.0,10,2.319054
9.0,9,2.335735
8.0,8,2.350604
10.0,10,2.370368
10.0,10,2.389617
10.0,10,2.409331
10.0,10,2.428682
10.0,10,2.44831
9.0,9,2.465686
9.0,9,2.482165
9.0,9,2.498597
10.0,10,2.516861
9.0,9,2.533259
10.0,10,2.551431
8.0,8,2.566004
11.0,11,2.586008
10.0,10,2.604234
9.0,9,2.620631
9.0,9,2.637083
10.0,10,2.655464
8.0,8,2.670078
9.0,9,2.686519
9.0,9,2.702959
10.0,10,2.722053
9.0,9,2.738763
9.0,9,2.755199
8.0,8,2.769846
9.0,9,2.786309
9.0,9,2.802756
9.0,9,2.819197
9.0,9,2.835426
8.0,8,2.849905
10.0,10,2.868162
9.0,9,2.884537
10.0,10,2.902691
9.0,9,2.919033
8.0,8,2.933496
8.0,8,2.948002
8.0,8,2.962583
10.0,10,2.980795
9.0,9,2.997381
10.0,10,3.015608
10.0,10,3.033903
10.0,10,3.05218
9.0,9,3.069262
10.0,10,3.089149
9.0,9,3.106194
9.0,9,3.122706
9.0,9,3.139638
10.0,10,3.158499
9.0,9,3.176139
10.0,10,3.194845
10.0,10,3.21341
10.0,10,3.231489
10.0,10,3.249593
10.0,10,3.267838
9.0,9,3.284217
11.0,11,3.304206
10.0,10,3.322326
9.0,9,3.338575
9.0,9,3.354992
10.0,10,3.373169
10.0,10,3.391347
9.0,9,3.407787
9.0,9,3.424237
9.0,9,3.440575
9.0,9,3.456935
9.0,9,3.473482
10.0,10,3.492439
8.0,8,3.50713
9.0,9,3.523528
9.0,9,3.540061
9.0,9,3.55647
10.0,10,3.576449
10.0,10,3.594992
10.0,10,3.6134
8.0,8,3.628205
10.0,10,3.646489
10.0,10,3.665611
10.0,10,3.68394
9.0,9,3.700429
10.0,10,3.718528
8.0,8,3.733946
10.0,10,3.752125
8.0,8,3.766665
9.0,9,3.783108
10.0,10,3.801329
9.0,9,3.817723
9.0,9,3.834014
9.0,9,3.850272
10.0,10,3.868529
10.0,10,3.886722
8.0,8,3.901219
9.0,9,3.917566
10.0,10,3.935659
9.0,9,3.952014
9.0,9,3.968447
10.0,10,3.98675
10.0,10,4.005051
10.0,10,4.023305
9.0,9,4.039798
10.0,10,4.058316
10.0,10,4.077668
10.0,10,4.097412
9.0,9,4.115862
9.0,9,4.134251
10.0,10,4.154185
11.0,11,4.176331
8.0,8,4.192044
8.0,8,4.207692
11.0,11,4.228346
10.0,10,4.247132
10.0,10,4.265896
8.0,8,4.280921
10.0,10,4.29969
9.0,9,4.316556
10.0,10,4.335344
10.0,10,4.354133
10.0,10,4.372928
8.0,8,4.38795
8.0,8,4.402954
10.0,10,4.421716
9.0,9,4.438586
9.0,9,4.45554
9.0,9,4.472451
9.0,9,4.489319
9.0,9,4.506234
8.0,8,4.521264
9.0,9,4.53812
9.0,9,4.555105
8.0,8,4.570166
8.0,8,4.585179
9.0,9,4.602124
9.0,9,4.618987
9.0,9,4.635921
10.0,10,4.654722
9.0,9,4.671623
9.0,9,4.688557
8.0,8,4.703532
10.0,10,4.722283
10.0,10,4.741012
9.0,9,4.757876
8.0,8,4.772878
10.0,10,4.791589
10.0,10,4.810364
9.0,9,4.827232
10.0,10,4.845983
9.0,9,4.862923
9.0,9,4.879814
10.0,10,4.898559
8.0,8,4.913546
10.0,10,4.932366
10.0,10,4.951121
9.0,9,4.967985
11.0,11,4.988558
8.0,8,5.003512
10.0,10,5.022306
8.0,8,5.037246
10.0,10,5.055947
9.0,9,5.073448
10.0,10,5.09318
9.0,9,5.110981
9.0,9,5.128162
10.0,10,5.14733
9.0,9,5.165114
9.0,9,5.182678
10.0,10,5.202046
8.0,8,5.217017
9.0,9,5.233903
10.0,10,5.252652
8.0,8,5.267987
9.0,9,5.285061
10.0,10,5.303648
10.0,10,5.322583
10.0,10,5.341507
9.0,9,5.3583
9.0,9,5.375345
10.0,10,5.394288
10.0,10,5.413092
10.0,10,5.431927
9.0,9,5.44889
9.0,9,5.465877
9.0,9,5.482586
10.0,10,5.501544
9.0,9,5.518498
9.0,9,5.535329
10.0,10,5.554246
9.0,9,5.571233
9.0,9,5.58828
10.0,10,5.60694
10.0,10,5.625914
10.0,10,5.64477
10.0,10,5.663489
9.0,9,5.680524
9.0,9,5.697534
10.0,10,5.7164
8.0,8,5.731557
10.0,10,5.750444
9.0,9,5.767447
9.0,9,5.784388
9.0,9,5.801424
9.0,9,5.818382
9.0,9,5.835366
10.0,10,5.85428
10.0,10,5.873171
10.0,10,5.892058
8.0,8,5.907151
9.0,9,5.92417
8.0,8,5.939265
10.0,10,5.958126
10.0,10,5.977045
10.0,10,5.99593
10.0,10,6.014874
9.0,9,6.031865
8.0,8,9.24195
8.0,8,9.259966
9.0,9,9.278885
10.0,10,9.298395
10.0,10,9.317249
10.0,10,9.336136
9.0,9,9.353826
10.0,10,9.373811
9.0,9,9.391394
9.0,9,9.408233
9.0,9,9.425116
10.0,10,9.444675
10.0,10,9.463286
9.0,9,9.480051
10.0,10,9.498651
8.0,8,9.513565
9.0,9,9.530362
11.0,11,9.550745
9.0,9,9.567473
10.0,10,9.586116
9.0,9,9.602791
9.0,9,9.619457
9.0,9,9.636173
9.0,9,9.652679
10.0,10,9.671194
10.0,10,9.689775
10.0,10,9.708431
8.0,8,9.723414
9.0,9,9.740243
9.0,9,9.756917
9.0,9,9.773598
10.0,10,9.79234
10.0,10,9.810896
10.0,10,9.829475
8.0,8,9.844413
10.0,10,9.862903
9.0,9,9.879555
9.0,9,9.896262
10.0,10,9.914406
10.0,10,9.932733
10.0,10,9.951156
9.0,9,9.967593
10.0,10,9.986013
9.0,9,10.002537
9.0,9,10.019193
9.0,9,10.036123
10.0,10,10.054684
9.0,9,10.071542
10.0,10,10.089998
10.0,10,10.109059
9.0,9,10.126208
9.0,9,10.143447
9.0,9,10.160453
10.0,10,10.17951
8.0,8,10.194609
10.0,10,10.214765
8.0,8,10.230044
10.0,10,10.24933
9.0,9,10.266375
9.0,9,10.283106
10.0,10,10.301559
9.0,9,10.318365
10.0,10,10.337117
9.0,9,10.353705
10.0,10,10.372225
10.0,10,10.390842
10.0,10,10.409227
9.0,9,10.425869
10.0,10,10.44437
10.0,10,10.46259
10.0,10,10.480631
11.0,11,10.500344
8.0,8,10.514897
9.0,9,10.531307
9.0,9,10.548026
10.0,10,10.56657
10.0,10,10.585095
10.0,10,10.603673
11.0,11,10.624059
9.0,9,10.640744
9.0,9,10.657661
10.0,10,10.676172
9.0,9,10.693002
10.0,10,10.711965
10.0,10,10.730473
9.0,9,10.747134
9.0,9,10.76388
9.0,9,10.780544
10.0,10,10.799324
9.0,9,10.81602
9.0,9,10.832719
10.0,10,10.851522
10.0,10,10.870222
10.0,10,10.888907
8.0,8,10.903904
8.0,8,10.918864
10.0,10,10.937531
8.0,8,10.952463
10.0,10,10.971146
9.0,9,10.987773
9.0,9,11.004018
10.0,10,11.022435
9.0,9,11.038994
9.0,9,11.055475
9.0,9,11.072042
9.0,9,11.089674
10.0,10,11.108757
9.0,9,11.125851
10.0,10,11.144344
9.0,9,11.160729
9.0,9,11.178206
10.0,10,11.196287
9.0,9,11.213117
8.0,8,11.228492
9.0,9,11.245196
10.0,10,11.263188
9.0,9,11.279405
10.0,10,11.297485
11.0,11,11.317494
8.0,8,11.331946
9.0,9,11.348149
9.0,9,11.364474
10.0,10,11.383032
9.0,9,11.399358
8.0,8,11.41408
10.0,10,11.432319
10.0,10,11.450414
9.0,9,11.466684
9.0,9,11.483035
8.0,8,11.497434
10.0,10,11.515632
9.0,9,11.532423
8.0,8,11.547199
9.0,9,11.564012
10.0,10,11.583246
10.0,10,11.602093
9.0,9,11.61893
8.0,8,11.633499
9.0,9,11.650071
10.0,10,11.669031
8.0,8,11.684364
9.0,9,11.701585
11.0,11,11.723184
8.0,8,11.738799
10.0,10,11.760168
10.0,10,11.781466
9.0,9,11.800164
9.0,9,11.818125
10.0,10,11.838068
9.0,9,11.856087
9.0,9,11.874025
9.0,9,11.892026
9.0,9,11.910113
8.0,8,11.926154
9.0,9,11.944206
9.0,9,11.962143
10.0,10,11.982133
9.0,9,12.000147
10.0,10,12.020128
10.0,10,12.04013
9.0,9,12.058137
9.0,9,12.076138
10.0,10,12.096817
9.0,9,12.114761
9.0,9,12.132724
8.0,8,12.148707
10.0,10,12.168661
9.0,9,12.18666
10.0,10,12.20662
10.0,10,12.226598
11.0,11,12.248573
9.0,9,12.266547
9.0,9,12.284539
10.0,10,12.304471
10.0,10,12.324437
9.0,9,12.342311
9.0,9,12.359851
8.0,8,12.375663
9.0,9,12.393635
10.0,10,12.413597
10.0,10,12.433545
8.0,8,12.449499
10.0,10,12.470102
10.0,10,12.49145
9.0,9,12.510151
10.0,10,12.530755
9.0,9,12.548574
10.0,10,12.568423
10.0,10,12.587729
8.0,8,12.603645
10.0,10,12.623429
9.0,9,12.64098
9.0,9,12.658517
10.0,10,12.6782
10.0,10,12.697616
9.0,9,12.715422
10.0,10,12.734735
8.0,8,12.750589
10.0,10,12.770428
10.0,10,12.789864
9.0,9,12.807509
10.0,10,12.827226
9.0,9,12.844621
10.0,10,12.864431
9.0,9,12.882163
10.0,10,12.901547
10.0,10,12.921239
9.0,9,12.938663
10.0,10,12.958557
9.0,9,12.976453
10.0,10,12.996299
9.0,9,13.013732
10.0,10,13.033563
10.0,10,13.053302
9.0,9,13.070708
8.0,8,13.086533
8.0,8,13.102597
10.0,10,13.122501
9.0,9,13.140675
9.0,9,16.012166
11.0,11,16.034322
10.0,10,16.053201
9.0,9,16.070273
10.0,10,16.090679
9.0,9,16.109231
10.0,10,16.129055
10.0,10,16.148365
8.0,8,16.163751
9.0,9,16.181895
9.0,9,16.199754
10.0,10,16.2198
9.0,9,16.23703
11.0,11,16.258113
9.0,9,16.275303
10.0,10,16.294397
10.0,10,16.313536
8.0,8,16.328812
11.0,11,16.349838
8.0,8,16.36514
10.0,10,16.384203
9.0,9,16.4014
9.0,9,16.41857
9.0,9,16.435791
9.0,9,16.453024
9.0,9,16.470254
10.0,10,16.489414
9.0,9,16.506717
10.0,10,16.525965
9.0,9,16.543252
10.0,10,16.562389
10.0,10,16.581455
9.0,9,16.598582
9.0,9,16.615382
8.0,8,16.630283
10.0,10,16.649075
9.0,9,16.666493
10.0,10,16.685142
10.0,10,16.703806
9.0,9,16.720558
9.0,9,16.737142
10.0,10,16.755506
9.0,9,16.771803
10.0,10,16.789959
9.0,9,16.806257
9.0,9,16.822577
9.0,9,16.83888
10.0,10,16.857049
10.0,10,16.875334
10.0,10,16.894313
8.0,8,16.909161
9.0,9,16.925608
8.0,8,16.940279
10.0,10,16.958527
10.0,10,16.976973
9.0,9,16.995451
10.0,10,17.014134
11.0,11,17.035304
9.0,9,17.052477
9.0,9,17.069448
8.0,8,17.084939
8.0,8,17.100181
9.0,9,17.116948
11.0,11,17.137465
10.0,10,17.156274
10.0,10,17.175316
10.0,10,17.195173
10.0,10,17.214517
10.0,10,17.233475
9.0,9,17.250389
9.0,9,17.2673
10.0,10,17.285932
11.0,11,17.30633
10.0,10,17.324924
10.0,10,17.343542
10.0,10,17.362244
9.0,9,17.379046
8.0,8,17.393777
9.0,9,17.410584
10.0,10,17.429211
9.0,9,17.446039
10.0,10,17.464586
8.0,8,17.479741
10.0,10,17.498984
8.0,8,17.514268
9.0,9,17.531424
10.0,10,17.55053
9.0,9,17.567682
10.0,10,17.586894
10.0,10,17.60598
9.0,9,17.623232
10.0,10,17.642365
9.0,9,17.659538
9.0,9,17.676729
10.0,10,17.695834
9.0,9,17.713088
9.0,9,17.730271
9.0,9,17.747453
9.0,9,17.764612
9.0,9,17.781719
9.0,9,17.799013
9.0,9,17.816242
9.0,9,17.833415
9.0,9,17.850571
9.0,9,17.867748
9.0,9,17.885062
10.0,10,17.904124
10.0,10,17.9233
8.0,8,17.938514
9.0,9,17.955639
10.0,10,17.97476
9.0,9,17.992041
11.0,11,18.01309
9.0,9,18.030241
10.0,10,18.049344
9.0,9,18.066514
10.0,10,18.085562
10.0,10,18.105003
10.0,10,18.123425
9.0,9,18.140098
9.0,9,18.156658
9.0,9,18.173378
10.0,10,18.192396
10.0,10,18.211164
10.0,10,18.229554
10.0,10,18.248074
9.0,9,18.264559
9.0,9,18.281224
10.0,10,18.29955
10.0,10,18.318007
11.0,11,18.33823
8.0,8,18.353047
9.0,9,18.369648
11.0,11,18.389986
10.0,10,18.408355
9.0,9,18.42483
9.0,9,18.441316
9.0,9,18.457748
10.0,10,18.475802
9.0,9,18.49395
11.0,11,18.513937
10.0,10,18.532074
10.0,10,18.550135
10.0,10,18.568222
10.0,10,18.586462
9.0,9,18.602896
11.0,11,18.622817
10.0,10,18.640884
10.0,10,18.659122
9.0,9,18.67538
10.0,10,18.693709
10.0,10,18.71179
10.0,10,18.729897
10.0,10,18.74796
8.0,8,18.762433
9.0,9,18.778692
9.0,9,18.79495
10.0,10,18.812994
10.0,10,18.831053
10.0,10,18.84911
10.0,10,18.867167
10.0,10,18.885247
8.0,8,18.899687
9.0,9,18.915891
9.0,9,18.932078
9.0,9,18.948248
9.0,9,18.96437
8.0,8,18.978758
9.0,9,18.995009
9.0,9,19.011237
8.0,8,19.025674
10.0,10,19.043783
10.0,10,19.06194
10.0,10,19.079898
9.0,9,19.097181
10.0,10,19.115974
10.0,10,19.134736
9.0,9,19.151591
9.0,9,19.168489
9.0,9,19.185517
10.0,10,19.204403
10.0,10,19.223104
10.0,10,19.2418
10.0,10,19.260463
8.0,8,19.275411
10.0,10,19.29409
10.0,10,19.31279
10.0,10,19.331477
9.0,9,19.34828
9.0,9,19.365121
10.0,10,19.383786
9.0,9,19.400607
10.0,10,19.419299
9.0,9,19.436117
10.0,10,19.454784
10.0,10,19.473518
8.0,8,19.488508
10.0,10,19.507344
9.0,9,19.524317
10.0,10,19.543048
10.0,10,19.562064
9.0,9,19.579248
9.0,9,19.596394
8.0,8,19.611568
9.0,9,19.628612
9.0,9,19.645618
9.0,9,19.663186
9.0,9,19.681181
10.0,10,19.701092
10.0,10,19.721026
9.0,9,19.738967
10.0,10,19.758944
10.0,10,19.779017
10.0,10,19.798958
8.0,8,19.814957
8.0,8,19.830927
10.0,10,19.850955
9.0,9,22.560429
10.0,10,22.578859
10.0,10,22.597358
8.0,8,22.612087
10.0,10,22.630447
9.0,9,22.647005
10.0,10,22.665367
10.0,10,22.683762
10.0,10,22.70202
9.0,9,22.718253
10.0,10,22.736294
10.0,10,22.75433
9.0,9,22.770571
10.0,10,22.788573
9.0,9,22.804812
8.0,8,22.81923
9.0,9,22.835504
9.0,9,22.851752
10.0,10,22.869747
9.0,9,22.885993
10.0,10,22.90399
9.0,9,22.920208
9.0,9,22.936378
9.0,9,22.95247
9.0,9,22.968583
9.0,9,22.984707
10.0,10,23.002636
10.0,10,23.02237
10.0,10,23.04051
10.0,10,23.058547
10.0,10,23.076421
10.0,10,23.094345
10.0,10,23.112498
11.0,11,23.13236
9.0,9,23.148604
9.0,9,23.164928
10.0,10,23.183229
10.0,10,23.201398
10.0,10,23.219573
9.0,9,23.235856
10.0,10,23.25394
10.0,10,23.272195
9.0,9,23.288811
10.0,10,23.307019
10.0,10,23.325255
9.0,9,23.341734
9.0,9,23.358212
10.0,10,23.377025
9.0,9,23.39369
9.0,9,23.410317
9.0,9,23.426714
10.0,10,23.444998
9.0,9,23.461618
9.0,9,23.478096
8.0,8,23.492927
9.0,9,23.509982
9.0,9,23.527904
9.0,9,23.545244
10.0,10,23.565609
11.0,11,23.586978
10.0,10,23.606633
10.0,10,23.626562
9.0,9,23.643368
9.0,9,23.660436
9.0,9,23.678262
9.0,9,23.696165
11.0,11,23.717736
10.0,10,23.737183
8.0,8,23.752603
10.0,10,23.771926
9.0,9,23.789324
9.0,9,23.806876
9.0,9,23.8243
8.0,8,23.839751
8.0,8,23.855241
11.0,11,23.876499
10.0,10,23.895768
10.0,10,23.915293
9.0,9,23.933005
9.0,9,23.950644
10.0,10,23.970247
9.0,9,23.987715
10.0,10,24.007276
10.0,10,24.026826
10.0,10,24.046321
10.0,10,24.065796
9.0,9,24.083248
9.0,9,24.099802
9.0,9,24.117035
10.0,10,24.136637
10.0,10,24.156263
10.0,10,24.175874
10.0,10,24.195435
9.0,9,24.212999
9.0,9,24.230623
9.0,9,24.248319
10.0,10,24.267918
10.0,10,24.287524
9.0,9,24.30515
10.0,10,24.324693
10.0,10,24.344367
8.0,8,24.359692
10.0,10,24.379388
10.0,10,24.398612
11.0,11,24.420078
9.0,9,24.437517
9.0,9,24.454991
10.0,10,24.47437
9.0,9,24.491617
9.0,9,24.509346
9.0,9,24.527523
11.0,11,24.549459
10.0,10,24.568952
9.0,9,24.586406
10.0,10,24.606081
10.0,10,24.62538
10.0,10,24.644613
10.0,10,24.664182
10.0,10,24.683506
8.0,8,24.699147
9.0,9,24.716476
9.0,9,24.733826
10.0,10,24.753237
9.0,9,24.770623
10.0,10,24.790139
9.0,9,24.807484
10.0,10,24.826724
8.0,8,24.842404
9.0,9,24.859671
9.0,9,24.877251
10.0,10,24.896579
10.0,10,24.916114
9.0,9,24.933496
10.0,10,24.952824
8.0,8,24.968514
9.0,9,24.985987
10.0,10,25.005457
10.0,10,25.024764
9.0,9,25.042381
10.0,10,25.061619
10.0,10,25.08117
10.0,10,25.100431
10.0,10,25.119348
9.0,9,25.136338
9.0,9,25.153362
9.0,9,25.170394
10.0,10,25.189369
10.0,10,25.208258
10.0,10,25.226933
10.0,10,25.246719
9.0,9,25.26443
9.0,9,25.282338
9.0,9,25.299719
9.0,9,25.316741
8.0,8,25.331525
10.0,10,25.350013
8.0,8,25.365475
10.0,10,25.385123
9.0,9,25.401767
10.0,10,25.420261
8.0,8,25.435055
10.0,10,25.453851
8.0,8,25.469232
9.0,9,25.485687
10.0,10,25.504176
10.0,10,25.522487
11.0,11,25.54272
9.0,9,25.559327
9.0,9,25.575798
10.0,10,25.594165
9.0,9,25.610793
9.0,9,25.627425
9.0,9,25.643964
10.0,10,25.662345
11.0,11,25.682563
9.0,9,25.69934
9.0,9,25.715844
9.0,9,25.732351
8.0,8,25.747093
10.0,10,25.765416
8.0,8,25.780189
10.0,10,25.798516
10.0,10,25.816883
9.0,9,25.833369
10.0,10,25.851715
10.0,10,25.870155
8.0,8,25.884778
10.0,10,25.903168
9.0,9,25.919608
10.0,10,25.938072
10.0,10,25.956381
8.0,8,25.971088
8.0,8,25.985731
9.0,9,26.002384
9.0,9,26.018986
9.0,9,26.036551
8.0,8,26.052111
10.0,10,26.070537
10.0,10,26.089028
9.0,9,26.106143
10.0,10,26.125197
8.0,8,26.139983
10.0,10,26.158462
10.0,10,26.176916
9.0,9,26.193809
10.0,10,26.213748
9.0,9,26.230364
9.0,9,26.246895
10.0,10,26.265264
10.0,10,26.283623
10.0,10,26.302095
10.0,10,26.32048
9.0,9,26.337092
8.0,8,26.351802
9.0,9,26.368536
10.0,10,26.388499
9.0,9,26.405797
10.0,10,29.155771
10.0,10,29.175909
10.0,10,29.195659
10.0,10,29.216323
10.0,10,29.236353
11.0,11,29.25728
10.0,10,29.275871
10.0,10,29.294528
9.0,9,29.311321
11.0,11,29.331679
10.0,10,29.350371
10.0,10,29.369199
10.0,10,29.387832
9.0,9,29.404653
9.0,9,29.421469
9.0,9,29.43832
9.0,9,29.455174
10.0,10,29.473643
10.0,10,29.492339
10.0,10,29.511036
10.0,10,29.529532
9.0,9,29.546363
10.0,10,29.564899
9.0,9,29.581607
8.0,8,29.596676
8.0,8,29.611504
9.0,9,29.628278
9.0,9,29.644826
8.0,8,29.659576
9.0,9,29.676286
10.0,10,29.694724
9.0,9,29.711249
10.0,10,29.729488
10.0,10,29.747708
9.0,9,29.764214
9.0,9,29.780643
9.0,9,29.797102
10.0,10,29.815606
8.0,8,29.830542
10.0,10,29.849159
11.0,11,29.869606
10.0,10,29.888281
10.0,10,29.906845
10.0,10,29.925468
9.0,9,29.942277
9.0,9,29.959046
9.0,9,29.975755
9.0,9,29.992577
10.0,10,30.011342
9.0,9,30.028202
10.0,10,30.046795
10.0,10,30.065509
10.0,10,30.084166
11.0,11,30.104643
9.0,9,30.121928
9.0,9,30.139169
9.0,9,30.155995
10.0,10,30.174776
10.0,10,30.193413
10.0,10,30.21258
8.0,8,30.228374
10.0,10,30.247084
9.0,9,30.263832
9.0,9,30.280553
8.0,8,30.295445
9.0,9,30.312111
9.0,9,30.328624
9.0,9,30.34532
9.0,9,30.361962
10.0,10,30.380421
10.0,10,30.398635
8.0,8,30.413243
10.0,10,30.431576
10.0,10,30.44987
8.0,8,30.464394
9.0,9,30.480671
10.0,10,30.49871
9.0,9,30.51498
9.0,9,30.531211
8.0,8,30.545651
9.0,9,30.562311
9.0,9,30.580131
8.0,8,30.594666
9.0,9,30.611078
9.0,9,30.627402
10.0,10,30.645455
9.0,9,30.661821
9.0,9,30.67822
9.0,9,30.694784
9.0,9,30.711298
9.0,9,30.727598
10.0,10,30.745682
9.0,9,30.761972
8.0,8,30.776454
9.0,9,30.792733
9.0,9,30.809043
10.0,10,30.827095
9.0,9,30.84352
10.0,10,30.861666
10.0,10,30.879742
9.0,9,30.896023
8.0,8,30.910515
9.0,9,30.926792
9.0,9,30.943061
8.0,8,30.957563
10.0,10,30.975636
10.0,10,30.993832
8.0,8,31.008569
9.0,9,31.02491
9.0,9,31.041275
8.0,8,31.05593
10.0,10,31.074487
9.0,9,31.091022
8.0,8,31.106146
9.0,9,31.122794
11.0,11,31.14274
10.0,10,31.160946
11.0,11,31.180937
8.0,8,31.195825
8.0,8,31.210675
10.0,10,31.229238
8.0,8,31.243816
10.0,10,31.262014
10.0,10,31.28022
9.0,9,31.296505
10.0,10,31.314591
9.0,9,31.330901
9.0,9,31.347302
8.0,8,31.362106
8.0,8,31.377181
9.0,9,31.393817
9.0,9,31.410284
9.0,9,31.426719
9.0,9,31.443158
10.0,10,31.461373
9.0,9,31.478249
10.0,10,31.49753
9.0,9,31.514541
10.0,10,31.533257
10.0,10,31.551825
10.0,10,31.571611
10.0,10,31.591357
9.0,9,31.608513
9.0,9,31.625436
10.0,10,31.644181
10.0,10,31.663538
11.0,11,31.685395
9.0,9,31.703259
10.0,10,31.723094
10.0,10,31.74294
8.0,8,31.758882
10.0,10,31.778715
9.0,9,31.796572
10.0,10,31.816533
9.0,9,31.834875
9.0,9,31.853655
10.0,10,31.873851
10.0,10,31.894055
10.0,10,31.91441
10.0,10,31.934815
10.0,10,31.95515
8.0,8,31.971257
11.0,11,31.993726
9.0,9,32.011842
10.0,10,32.032064
9.0,9,32.050386
10.0,10,32.071109
8.0,8,32.088684
10.0,10,32.108698
9.0,9,32.126612
10.0,10,32.147546
9.0,9,32.165891
9.0,9,32.184234
8.0,8,32.200596
9.0,9,32.217697
10.0,10,32.237005
8.0,8,32.253123
11.0,11,32.274841
8.0,8,32.290654
9.0,9,32.308441
8.0,8,32.324884
9.0,9,32.342768
10.0,10,32.362553
8.0,8,32.378387
10.0,10,32.397693
8.0,8,32.413527
10.0,10,32.433412
11.0,11,32.455032
9.0,9,32.472656
9.0,9,32.490524
10.0,10,32.512105
9.0,9,32.532074
10.0,10,32.552523
9.0,9,32.57083
10.0,10,32.590769
10.0,10,32.610568
9.0,9,32.628753
8.0,8,32.644736
9.0,9,32.662748
10.0,10,32.682815
9.0,9,32.700762
10.0,10,32.720479
10.0,10,32.739561
9.0,9,32.756694
8.0,8,32.771344
8.0,8,32.786557
10.0,10,32.80553
10.0,10,32.824558
9.0,9,32.841563
10.0,10,32.860893
9.0,9,32.877975
10.0,10,32.896866
10.0,10,32.915744
11.0,11,32.936612
9.0,9,32.953913
10.0,10,32.972871
10.0,10,32.99197
9.0,9,33.009097
9.0,9,33.026098
10.0,10,35.783397
9.0,9,35.799842
10.0,10,35.819516
10.0,10,35.839525
10.0,10,35.859667
10.0,10,35.879793
9.0,9,35.897556
10.0,10,35.91743
9.0,9,35.935288
10.0,10,35.95538
8.0,8,35.970438
9.0,9,35.98711
9.0,9,36.003463
10.0,10,36.021541
10.0,10,36.039616
10.0,10,36.057843
11.0,11,36.078106
9.0,9,36.094377
9.0,9,36.110818
8.0,8,36.125314
9.0,9,36.141911
10.0,10,36.160563
9.0,9,36.177589
10.0,10,36.195846
9.0,9,36.212369
10.0,10,36.230482
9.0,9,36.246771
10.0,10,36.264903
9.0,9,36.281348
8.0,8,36.295838
9.0,9,36.312126
9.0,9,36.328388
11.0,11,36.348304
9.0,9,36.364824
10.0,10,36.382999
9.0,9,36.399302
10.0,10,36.417385
9.0,9,36.433673
10.0,10,36.451749
9.0,9,36.468029
8.0,8,36.482595
9.0,9,36.498927
10.0,10,36.517011
10.0,10,36.535061
9.0,9,36.551322
10.0,10,36.569447
10.0,10,36.587707
9.0,9,36.606028
8.0,8,36.620622
10.0,10,36.638761
8.0,8,36.653224
10.0,10,36.671488
11.0,11,36.691375
10.0,10,36.709474
9.0,9,36.725724
10.0,10,36.743792
10.0,10,36.761852
9.0,9,36.778228
10.0,10,36.796298
10.0,10,36.814409
10.0,10,36.832485
9.0,9,36.848794
10.0,10,36.866892
9.0,9,36.883337
8.0,8,36.897832
9.0,9,36.914114
10.0,10,36.932197
9.0,9,36.948496
8.0,8,36.963049
9.0,9,36.979423
9.0,9,36.995719
9.0,9,37.012008
9.0,9,37.028299
8.0,8,37.042817
10.0,10,37.061355
11.0,11,37.081861
10.0,10,37.100431
9.0,9,37.117575
9.0,9,37.134671
9.0,9,37.152188
10.0,10,37.1718
10.0,10,37.19176
10.0,10,37.211586
9.0,9,37.229018
9.0,9,37.246397
8.0,8,37.261727
9.0,9,37.279063
9.0,9,37.296315
9.0,9,37.313562
9.0,9,37.330846
8.0,8,37.346264
11.0,11,37.367384
10.0,10,37.386534
8.0,8,37.401907
9.0,9,37.419181
9.0,9,37.436477
8.0,8,37.451807
9.0,9,37.469118
8.0,8,37.484454
8.0,8,37.499763
9.0,9,37.517152
11.0,11,37.538252
10.0,10,37.557437
9.0,9,37.574685
9.0,9,37.591986
10.0,10,37.610749
10.0,10,37.629504
9.0,9,37.646317
8.0,8,37.661214
10.0,10,37.679791
9.0,9,37.696502
8.0,8,37.711437
10.0,10,37.730145
8.0,8,37.744973
10.0,10,37.763563
10.0,10,37.782083
8.0,8,37.796798
8.0,8,37.8116
10.0,10,37.830299
10.0,10,37.84884
10.0,10,37.867562
10.0,10,37.886242
9.0,9,37.902843
10.0,10,37.921423
8.0,8,37.936305
10.0,10,37.954893
10.0,10,37.973385
9.0,9,37.989942
9.0,9,38.006617
10.0,10,38.025327
11.0,11,38.045621
8.0,8,38.060478
8.0,8,38.075568
10.0,10,38.095374
9.0,9,38.114133
10.0,10,38.133515
10.0,10,38.152462
9.0,9,38.16945
8.0,8,38.184544
9.0,9,38.201443
10.0,10,38.220029
10.0,10,38.238553
9.0,9,38.255245
9.0,9,38.271942
9.0,9,38.288573
10.0,10,38.307179
9.0,9,38.323828
11.0,11,38.344195
9.0,9,38.360904
10.0,10,38.379435
10.0,10,38.397742
9.0,9,38.414273
10.0,10,38.432613
9.0,9,38.449108
10.0,10,38.467295
9.0,9,38.483669
10.0,10,38.5018
11.0,11,38.521845
11.0,11,38.541927
10.0,10,38.560088
9.0,9,38.576454
10.0,10,38.594817
10.0,10,38.61316
8.0,8,38.627882
10.0,10,38.646045
10.0,10,38.664197
9.0,9,38.680776
9.0,9,38.697285
9.0,9,38.713804
9.0,9,38.73015
11.0,11,38.749956
10.0,10,38.767979
10.0,10,38.786017
9.0,9,38.802246
8.0,8,38.816661
9.0,9,38.832886
10.0,10,38.85089
10.0,10,38.868905
11.0,11,38.888687
9.0,9,38.904913
10.0,10,38.922896
10.0,10,38.940936
9.0,9,38.957139
9.0,9,38.973355
10.0,10,38.991384
9.0,9,39.007606
9.0,9,39.023801
8.0,8,39.038224
9.0,9,39.054413
9.0,9,39.070618
8.0,8,39.085056
10.0,10,39.103141
10.0,10,39.121121
9.0,9,39.137333
8.0,8,39.151727
10.0,10,39.169801
10.0,10,39.187839
11.0,11,39.207657
9.0,9,39.223837
9.0,9,39.240049
8.0,8,39.254458
10.0,10,39.272483
9.0,9,39.288689
9.0,9,39.304921
9.0,9,39.321099
10.0,10,39.339128
10.0,10,39.357097
10.0,10,39.375093
9.0,9,39.391286
10.0,10,39.409339
11.0,11,39.42913
10.0,10,39.447161
10.0,10,39.465176
8.0,8,39.479602
9.0,9,39.495837
9.0,9,39.512129
9.0,9,39.528391
9.0,9,39.544644
10.0,10,42.248738
10.0,10,42.268234
9.0,9,42.284968
9.0,9,42.301612
10.0,10,42.320212
8.0,8,42.335039
10.0,10,42.353616
9.0,9,42.370372
10.0,10,42.388952
9.0,9,42.405383
9.0,9,42.421864
9.0,9,42.438317
10.0,10,42.456649
9.0,9,42.472976
9.0,9,42.489286
10.0,10,42.507421
9.0,9,42.523715
10.0,10,42.541809
10.0,10,42.559919
9.0,9,42.576231
9.0,9,42.592523
9.0,9,42.608856
10.0,10,42.626996
10.0,10,42.646935
8.0,8,42.661444
9.0,9,42.677756
9.0,9,42.694066
10.0,10,42.712142
11.0,11,42.73205
9.0,9,42.748361
9.0,9,42.764662
10.0,10,42.782748
8.0,8,42.79727
9.0,9,42.813564
10.0,10,42.831675
9.0,9,42.84798
10.0,10,42.866134
9.0,9,42.882414
11.0,11,42.902313
9.0,9,42.918631
10.0,10,42.936719
10.0,10,42.954782
8.0,8,42.969437
9.0,9,42.986784
9.0,9,43.00374
9.0,9,43.020177
9.0,9,43.036489
10.0,10,43.054588
9.0,9,43.070929
9.0,9,43.087259
10.0,10,43.105553
10.0,10,43.123786
9.0,9,43.140583
8.0,8,43.156225
9.0,9,43.17326
10.0,10,43.191818
9.0,9,43.208338
8.0,8,43.222936
10.0,10,43.241253
9.0,9,43.25776
8.0,8,43.272454
10.0,10,43.2909
11.0,11,43.311002
9.0,9,43.327371
9.0,9,43.343819
10.0,10,43.362163
9.0,9,43.37879
9.0,9,43.39541
10.0,10,43.413689
10.0,10,43.431965
10.0,10,43.450399
10.0,10,43.468931
10.0,10,43.487334
10.0,10,43.505868
10.0,10,43.524318
8.0,8,43.539136
10.0,10,43.557634
10.0,10,43.57662
10.0,10,43.595033
10.0,10,43.613326
8.0,8,43.62797
9.0,9,43.644367
8.0,8,43.659242
8.0,8,43.674222
9.0,9,43.690612
9.0,9,43.707092
9.0,9,43.723477
10.0,10,43.741814
8.0,8,43.756223
10.0,10,43.774282
10.0,10,43.79232
9.0,9,43.808541
9.0,9,43.824841
10.0,10,43.842845
10.0,10,43.860948
9.0,9,43.877209
8.0,8,43.891722
10.0,10,43.909807
9.0,9,43.925991
10.0,10,43.943943
9.0,9,43.960115
8.0,8,43.974484
10.0,10,43.992552
10.0,10,44.010594
9.0,9,44.026848
10.0,10,44.0448
10.0,10,44.062808
9.0,9,44.07904
10.0,10,44.097253
10.0,10,44.115317
8.0,8,44.129714
9.0,9,44.14697
9.0,9,44.164052
9.0,9,44.180406
10.0,10,44.1986
10.0,10,44.216754
10.0,10,44.234735
9.0,9,44.250908
9.0,9,44.267118
9.0,9,44.283257
9.0,9,44.299481
8.0,8,44.313967
10.0,10,44.331932
11.0,11,44.351685
9.0,9,44.367935
9.0,9,44.384097
9.0,9,44.400401
9.0,9,44.416678
8.0,8,44.431178
10.0,10,44.449225
10.0,10,44.467236
9.0,9,44.483492
9.0,9,44.499833
10.0,10,44.517993
9.0,9,44.534506
10.0,10,44.55299
8.0,8,44.567863
9.0,9,44.584434
9.0,9,44.601246
9.0,9,44.617929
9.0,9,44.634556
9.0,9,44.651253
10.0,10,44.669723
10.0,10,44.688261
9.0,9,44.704847
10.0,10,44.723405
10.0,10,44.741912
9.0,9,44.758508
10.0,10,44.777134
9.0,9,44.79385
9.0,9,44.81051
9.0,9,44.82709
8.0,8,44.841766
11.0,11,44.86222
9.0,9,44.878902
10.0,10,44.89742
9.0,9,44.913802
9.0,9,44.93097
8.0,8,44.94611
10.0,10,44.964532
9.0,9,44.981293
10.0,10,44.999625
10.0,10,45.018253
11.0,11,45.038502
10.0,10,45.056823
10.0,10,45.075843
9.0,9,45.09245
10.0,10,45.110949
10.0,10,45.129199
10.0,10,45.147502
9.0,9,45.164404
10.0,10,45.18273
9.0,9,45.199214
9.0,9,45.215594
11.0,11,45.235525
9.0,9,45.252106
9.0,9,45.268507
10.0,10,45.28672
10.0,10,45.305755
9.0,9,45.32243
10.0,10,45.340767
9.0,9,45.35765
9.0,9,45.374279
10.0,10,45.393007
9.0,9,45.410079
9.0,9,45.426645
10.0,10,45.44538
9.0,9,45.462235
10.0,10,45.480924
8.0,8,45.495965
10.0,10,45.514237
9.0,9,45.530858
10.0,10,45.549423
9.0,9,45.566225
9.0,9,45.58304
8.0,8,45.598017
10.0,10,45.616464
9.0,9,45.633042
9.0,9,45.649555
10.0,10,45.669562
10.0,10,45.687598
10.0,10,45.705647
9.0,9,45.721893
9.0,9,45.73829
10.0,10,45.756304
9.0,9,45.772499
9.0,9,45.789044
10.0,10,45.807633
10.0,10,45.826217
8.0,8,45.841079
10.0,10,45.85953
10.0,10,45.878039
10.0,10,45.896502
10.0,10,45.915105
10.0,10,45.933544
10.0,10,45.951974
9.0,9,45.968546
11.0,11,45.988853
9.0,9,46.005569
10.0,10,48.741892
10.0,10,48.760062
9.0,9,48.776437
10.0,10,48.794521
8.0,8,48.809001
9.0,9,48.825366
9.0,9,48.841778
9.0,9,48.858047
10.0,10,48.876167
10.0,10,48.894207
9.0,9,48.910481
10.0,10,48.928653
9.0,9,48.944951
9.0,9,48.961259
9.0,9,48.97749
10.0,10,48.995585
9.0,9,49.011851
9.0,9,49.028247
9.0,9,49.044697
10.0,10,49.062779
8.0,8,49.077241
10.0,10,49.095359
10.0,10,49.113416
9.0,9,49.129774
8.0,8,49.144299
10.0,10,49.162522
8.0,8,49.176982
9.0,9,49.19321
9.0,9,49.209962
9.0,9,49.226666
10.0,10,49.245373
9.0,9,49.261937
10.0,10,49.280221
10.0,10,49.298452
10.0,10,49.316695
10.0,10,49.334892
10.0,10,49.35313
10.0,10,49.371343
9.0,9,49.387785
9.0,9,49.404294
10.0,10,49.422571
9.0,9,49.438959
10.0,10,49.457232
10.0,10,49.476505
9.0,9,49.493353
10.0,10,49.511893
8.0,8,49.526799
9.0,9,49.543526
10.0,10,49.56271
9.0,9,49.579623
9.0,9,49.596438
11.0,11,49.616955
10.0,10,49.635585
8.0,8,49.650396
8.0,8,49.664934
10.0,10,49.683141
10.0,10,49.701329
8.0,8,49.715873
9.0,9,49.732852
10.0,10,49.751245
9.0,9,49.76795
9.0,9,49.784573
9.0,9,49.801282
10.0,10,49.819712
11.0,11,49.840125
10.0,10,49.858569
9.0,9,49.875263
9.0,9,49.891937
10.0,10,49.910446
9.0,9,49.927251
10.0,10,49.945624
10.0,10,49.96417
10.0,10,49.982556
10.0,10,50.001143
8.0,8,50.016541
9.0,9,50.03308
9.0,9,50.049487
9.0,9,50.065988
10.0,10,50.08416
9.0,9,50.100641
9.0,9,50.117052
8.0,8,50.131608
10.0,10,50.149891
10.0,10,50.168282
10.0,10,50.188403
10.0,10,50.206939
10.0,10,50.225232
9.0,9,50.241736
10.0,10,50.260118
10.0,10,50.278366
9.0,9,50.29475
10.0,10,50.313006
10.0,10,50.331154
10.0,10,50.349358
11.0,11,50.369356
9.0,9,50.385671
9.0,9,50.40197
10.0,10,50.419952
9.0,9,50.436144
10.0,10,50.45421
9.0,9,50.470543
10.0,10,50.488637
9.0,9,50.504877
9.0,9,50.521124
10.0,10,50.53913
10.0,10,50.55712
8.0,8,50.571527
9.0,9,50.587839
8.0,8,50.602273
11.0,11,50.622059
9.0,9,50.638222
10.0,10,50.656242
9.0,9,50.672421
10.0,10,50.690416
8.0,8,50.704792
10.0,10,50.722791
10.0,10,50.740762
10.0,10,50.758798
10.0,10,50.77676
8.0,8,50.791208
10.0,10,50.809192
9.0,9,50.825394
10.0,10,50.843377
9.0,9,50.859587
8.0,8,50.87398
9.0,9,50.890161
10.0,10,50.90813
9.0,9,50.924302
8.0,8,50.938712
9.0,9,50.954878
9.0,9,50.971102
8.0,8,50.985473
10.0,10,51.003707
8.0,8,51.018214
10.0,10,51.036334
8.0,8,51.050875
10.0,10,51.068992
8.0,8,51.083515
11.0,11,51.103656
9.0,9,51.120618
8.0,8,51.135681
10.0,10,51.154332
10.0,10,51.172799
8.0,8,51.188238
9.0,9,51.204813
10.0,10,51.223355
8.0,8,51.238163
9.0,9,51.254475
10.0,10,51.272533
11.0,11,51.292452
10.0,10,51.310613
9.0,9,51.326922
9.0,9,51.343474
10.0,10,51.361621
8.0,8,51.376129
10.0,10,51.394285
10.0,10,51.412471
9.0,9,51.428866
9.0,9,51.445319
9.0,9,51.461688
10.0,10,51.479863
9.0,9,51.496188
11.0,11,51.516069
9.0,9,51.53239
10.0,10,51.550574
9.0,9,51.567403
10.0,10,51.585687
10.0,10,51.604078
9.0,9,51.620499
10.0,10,51.638761
10.0,10,51.657217
10.0,10,51.676503
9.0,9,51.695411
9.0,9,51.712927
9.0,9,51.730282
11.0,11,51.751526
10.0,10,51.770815
9.0,9,51.788251
10.0,10,51.80753
9.0,9,51.824945
10.0,10,51.844259
9.0,9,51.861707
10.0,10,51.880996
10.0,10,51.900353
9.0,9,51.917791
10.0,10,51.937205
9.0,9,51.954724
10.0,10,51.974034
9.0,9,51.991452
9.0,9,52.008894
9.0,9,52.026309
9.0,9,52.043696
11.0,11,52.064914
9.0,9,52.082369
9.0,9,52.099943
8.0,8,52.11552
10.0,10,52.13515
9.0,9,52.152937
11.0,11,52.17459
9.0,9,52.193083
10.0,10,52.213722
9.0,9,52.23155
10.0,10,52.251628
10.0,10,52.271859
9.0,9,52.290117
8.0,8,52.306283
9.0,9,52.324265
11.0,11,52.346204
9.0,9,52.364162
9.0,9,52.382004
9.0,9,52.399756
9.0,9,52.417783
9.0,9,52.435792
9.0,9,52.453818
9.0,9,52.471801
8.0,8,52.487764
9.0,9,52.505752
8.0,8,52.521836
9.0,9,55.269024
10.0,10,55.288911
10.0,10,55.307522
9.0,9,55.324265
9.0,9,55.340983
11.0,11,55.361389
8.0,8,55.376291
9.0,9,55.392989
10.0,10,55.411473
10.0,10,55.429996
9.0,9,55.446781
9.0,9,55.463664
9.0,9,55.48075
10.0,10,55.499474
8.0,8,55.514538
9.0,9,55.531546
9.0,9,55.5485
9.0,9,55.566277
8.0,8,55.582518
9.0,9,55.600518
10.0,10,55.62034
10.0,10,55.640069
9.0,9,55.657946
9.0,9,55.677312
10.0,10,55.699429
8.0,8,55.717153
10.0,10,55.739347
9.0,9,55.759281
9.0,9,55.778848
11.0,11,55.802927
9.0,9,55.822822
9.0,9,55.842465
10.0,10,55.864445
8.0,8,55.882199
10.0,10,55.904402
9.0,9,55.924444
10.0,10,55.946672
9.0,9,55.966447
10.0,10,55.9884
9.0,9,56.008262
9.0,9,56.028127
8.0,8,56.045632
9.0,9,56.065358
8.0,8,56.082996
9.0,9,56.102909
9.0,9,56.122928
8.0,8,56.140751
10.0,10,56.162783
9.0,9,56.182597
9.0,9,56.201959
10.0,10,56.223155
9.0,9,56.241038
10.0,10,56.260797
10.0,10,56.28054
9.0,9,56.298305
10.0,10,56.317648
8.0,8,56.333409
10.0,10,56.352714
9.0,9,56.37042
10.0,10,56.389874
9.0,9,56.407403
8.0,8,56.422894
9.0,9,56.44046
9.0,9,56.457926
9.0,9,56.475538
8.0,8,56.49194
10.0,10,56.515125
9.0,9,56.533486
10.0,10,56.552907
9.0,9,56.570493
8.0,8,56.586187
9.0,9,56.60343
10.0,10,56.622474
9.0,9,56.639507
9.0,9,56.656604
11.0,11,56.677487
9.0,9,56.694537
8.0,8,56.709737
9.0,9,56.726906
10.0,10,56.745714
11.0,11,56.766612
10.0,10,56.785582
10.0,10,56.804562
10.0,10,56.823518
10.0,10,56.842479
10.0,10,56.861479
9.0,9,56.878566
10.0,10,56.897546
10.0,10,56.91652
10.0,10,56.935503
9.0,9,56.95256
10.0,10,56.97195
8.0,8,56.987551
10.0,10,57.007681
10.0,10,57.027761
10.0,10,57.047784
9.0,9,57.065768
10.0,10,57.085788
10.0,10,57.105638
9.0,9,57.123185
8.0,8,57.138637
9.0,9,57.156171
8.0,8,57.171637
9.0,9,57.189079
10.0,10,57.207959
10.0,10,57.226794
11.0,11,57.247524
9.0,9,57.264303
10.0,10,57.283112
8.0,8,57.297837
8.0,8,57.312615
10.0,10,57.331169
10.0,10,57.349766
9.0,9,57.367003
9.0,9,57.383943
10.0,10,57.402527
9.0,9,57.419229
9.0,9,57.435821
9.0,9,57.452425
10.0,10,57.470921
9.0,9,57.487547
8.0,8,57.502346
10.0,10,57.520781
10.0,10,57.539269
10.0,10,57.557709
10.0,10,57.576329
9.0,9,57.592932
10.0,10,57.611533
9.0,9,57.628209
10.0,10,57.646623
9.0,9,57.663298
10.0,10,57.681681
8.0,8,57.696537
9.0,9,57.713232
10.0,10,57.733335
10.0,10,57.751991
9.0,9,57.768794
9.0,9,57.785562
10.0,10,57.804141
9.0,9,57.820898
10.0,10,57.839588
9.0,9,57.856328
10.0,10,57.87503
10.0,10,57.893623
10.0,10,57.912241
10.0,10,57.930718
8.0,8,57.945677
10.0,10,57.964954
8.0,8,57.980021
9.0,9,57.997073
9.0,9,58.013764
10.0,10,58.032269
10.0,10,58.050805
9.0,9,58.067729
9.0,9,58.084496
10.0,10,58.103406
9.0,9,58.120131
10.0,10,58.138791
8.0,8,58.153852
10.0,10,58.172463
9.0,9,58.189662
9.0,9,58.206733
10.0,10,58.225863
9.0,9,58.243047
10.0,10,58.262184
10.0,10,58.281227
10.0,10,58.300263
10.0,10,58.319328
10.0,10,58.338318
10.0,10,58.357276
10.0,10,58.376789
10.0,10,58.397368
10.0,10,58.417871
9.0,9,58.436213
8.0,8,58.451963
10.0,10,58.471265
8.0,8,58.486749
10.0,10,58.505166
9.0,9,58.522062
9.0,9,58.539424
10.0,10,58.557741
10.0,10,58.576157
11.0,11,58.59639
8.0,8,58.611048
9.0,9,58.627403
10.0,10,58.645673
10.0,10,58.66382
10.0,10,58.682203
10.0,10,58.700471
9.0,9,58.716947
10.0,10,58.735228
9.0,9,58.751594
9.0,9,58.768134
10.0,10,58.786456
9.0,9,58.803274
9.0,9,58.819843
9.0,9,58.836344
9.0,9,58.852885
9.0,9,58.869933
10.0,10,58.889155
10.0,10,58.908354
10.0,10,58.927253
10.0,10,58.946146
9.0,9,58.963711
9.0,9,58.980833
9.0,9,58.997558
10.0,10,59.016286
8.0,8,59.031265
9.0,9,59.048084
10.0,10,59.066785
9.0,9,59.083596
10.0,10,59.102427
9.0,9,59.11941
8.0,8,59.134424
9.0,9,59.151436
10.0,10,59.17041
9.0,9,59.189789
10.0,10,59.209255
9.0,9,59.22644
10.0,10,61.960492
11.0,11,61.980803
10.0,10,61.999265
10.0,10,62.017757
9.0,9,62.034333
9.0,9,62.050882
9.0,9,62.067412
10.0,10,62.085947
9.0,9,62.104171
10.0,10,62.123039
9.0,9,62.139934
10.0,10,62.158775
10.0,10,62.177705
10.0,10,62.197515
8.0,8,62.21254
10.0,10,62.231233
10.0,10,62.250132
8.0,8,62.265663
8.0,8,62.28027
10.0,10,62.298632
10.0,10,62.317111
9.0,9,62.333745
10.0,10,62.353127
10.0,10,62.371994
10.0,10,62.39118
9.0,9,62.408736
9.0,9,62.426283
9.0,9,62.443587
10.0,10,62.462923
9.0,9,62.480219
9.0,9,62.497589
8.0,8,62.512546
9.0,9,62.528845
10.0,10,62.546878
9.0,9,62.563083
8.0,8,62.577611
9.0,9,62.59395
8.0,8,62.608764
10.0,10,62.626853
9.0,9,62.643162
9.0,9,62.65949
8.0,8,62.674283
10.0,10,62.692536
10.0,10,62.710852
10.0,10,62.729086
9.0,9,62.745586
10.0,10,62.763865
9.0,9,62.780173
11.0,11,62.800356
10.0,10,62.818477
10.0,10,62.836556
10.0,10,62.854633
9.0,9,62.871308
10.0,10,62.88946
9.0,9,62.905732
10.0,10,62.923798
9.0,9,62.940093
9.0,9,62.956351
11.0,11,62.976238
10.0,10,62.994371
10.0,10,63.012617
8.0,8,63.027138
10.0,10,63.045313
9.0,9,63.061827
9.0,9,63.078305
9.0,9,63.094812
10.0,10,63.113739
9.0,9,63.130081
9.0,9,63.146446
9.0,9,63.162934
10.0,10,63.181272
9.0,9,63.198534
9.0,9,63.215158
8.0,8,63.229685
9.0,9,63.246122
9.0,9,63.262634
9.0,9,63.279089
8.0,8,63.293564
8.0,8,63.308056
9.0,9,63.324375
9.0,9,63.340664
10.0,10,63.358725
9.0,9,63.375374
10.0,10,63.393523
9.0,9,63.409824
8.0,8,63.424379
8.0,8,63.441057
10.0,10,63.460124
9.0,9,63.477088
9.0,9,63.494183
8.0,8,63.509462
9.0,9,63.527152
10.0,10,63.546171
10.0,10,63.565177
9.0,9,63.582285
10.0,10,63.601606
9.0,9,63.619644
9.0,9,63.636176
8.0,8,63.650842
10.0,10,63.669329
10.0,10,63.688065
9.0,9,63.705676
10.0,10,63.724224
9.0,9,63.740664
9.0,9,63.757207
8.0,8,63.772159
8.0,8,63.787065
10.0,10,63.80569
8.0,8,63.820547
9.0,9,63.837263
10.0,10,63.855754
10.0,10,63.874246
9.0,9,63.891423
10.0,10,63.910034
10.0,10,63.928676
9.0,9,63.945482
10.0,10,63.964189
10.0,10,63.983356
11.0,11,64.004211
9.0,9,64.020969
9.0,9,64.038229
10.0,10,64.056821
10.0,10,64.075388
8.0,8,64.090227
8.0,8,64.105095
9.0,9,64.121673
10.0,10,64.140073
8.0,8,64.15492
10.0,10,64.173419
9.0,9,64.190194
8.0,8,64.20522
9.0,9,64.221936
10.0,10,64.240331
8.0,8,64.255182
9.0,9,64.271839
9.0,9,64.288573
10.0,10,64.307447
8.0,8,64.322302
9.0,9,64.339066
9.0,9,64.356453
10.0,10,64.37546
10.0,10,64.394922
10.0,10,64.415242
9.0,9,64.432647
10.0,10,64.452362
9.0,9,64.46967
9.0,9,64.487171
10.0,10,64.507266
9.0,9,64.523763
9.0,9,64.540123
10.0,10,64.558306
10.0,10,64.576438
10.0,10,64.594676
10.0,10,64.613179
10.0,10,64.631425
9.0,9,64.647858
10.0,10,64.666129
10.0,10,64.684279
9.0,9,64.700613
11.0,11,64.720533
8.0,8,64.735072
9.0,9,64.751351
9.0,9,64.767689
9.0,9,64.784012
10.0,10,64.802132
10.0,10,64.820259
9.0,9,64.83655
10.0,10,64.854694
9.0,9,64.871538
10.0,10,64.890567
9.0,9,64.907317
9.0,9,64.92399
10.0,10,64.942441
10.0,10,64.960953
10.0,10,64.979383
10.0,10,64.99794
9.0,9,65.014613
10.0,10,65.033226
9.0,9,65.049917
8.0,8,65.064716
10.0,10,65.083241
10.0,10,65.102545
9.0,9,65.119418
9.0,9,65.136216
10.0,10,65.154949
9.0,9,65.171772
9.0,9,65.189145
9.0,9,65.206686
10.0,10,65.226941
9.0,9,65.244375
10.0,10,65.26291
10.0,10,65.281038
9.0,9,65.297565
9.0,9,65.31424
9.0,9,65.330843
9.0,9,65.34737
9.0,9,65.363981
8.0,8,65.378691
10.0,10,65.39713
8.0,8,65.411855
9.0,9,65.428385
10.0,10,65.446802
10.0,10,65.465207
11.0,11,65.485433
10.0,10,65.503856
9.0,9,65.520467
10.0,10,65.538872
8.0,8,65.553541
9.0,9,65.570118
9.0,9,65.586812
10.0,10,65.605237
10.0,10,65.623687
10.0,10,65.642246
9.0,9,65.658909
9.0,9,65.675554
8.0,8,65.690287
10.0,10,65.708691
10.0,10,65.727106
10.0,10,65.745511
9.0,9,68.470624
10.0,10,68.489217
9.0,9,68.506325
9.0,9,68.523154
10.0,10,68.542582
9.0,9,68.559515
9.0,9,68.576334
10.0,10,68.595192
9.0,9,68.611966
10.0,10,68.630625
10.0,10,68.649422
8.0,8,68.664404
10.0,10,68.683191
10.0,10,68.701774
10.0,10,68.720441
8.0,8,68.735568
10.0,10,68.754475
8.0,8,68.769567
10.0,10,68.788479
10.0,10,68.807429
9.0,9,68.824433
9.0,9,68.841477
8.0,8,68.856622
8.0,8,68.871839
9.0,9,68.88897
9.0,9,68.906093
9.0,9,68.923196
8.0,8,68.938365
9.0,9,68.955404
10.0,10,68.974416
10.0,10,68.993417
10.0,10,69.012383
9.0,9,69.029446
10.0,10,69.04847
10.0,10,69.067456
10.0,10,69.086469
9.0,9,69.103572
10.0,10,69.122556
9.0,9,69.139647
10.0,10,69.158604
10.0,10,69.17758
10.0,10,69.196521
8.0,8,69.211748
10.0,10,69.230727
10.0,10,69.249516
10.0,10,69.268254
10.0,10,69.286951
10.0,10,69.305676
10.0,10,69.324409
9.0,9,69.341267
8.0,8,69.356257
10.0,10,69.374971
10.0,10,69.393692
9.0,9,69.410529
10.0,10,69.429268
10.0,10,69.44799
8.0,8,69.462965
9.0,9,69.479833
8.0,8,69.494826
9.0,9,69.511805
10.0,10,69.530515
11.0,11,69.551122
10.0,10,69.569862
8.0,8,69.584862
9.0,9,69.601894
10.0,10,69.620666
9.0,9,69.637637
10.0,10,69.656441
9.0,9,69.673407
10.0,10,69.692231
9.0,9,69.709042
10.0,10,69.72778
9.0,9,69.744621
8.0,8,69.759593
10.0,10,69.778305
8.0,8,69.79309
9.0,9,69.809685
9.0,9,69.825954
10.0,10,69.844045
8.0,8,69.858496
9.0,9,69.874749
9.0,9,69.89096
9.0,9,69.907104
10.0,10,69.925522
10.0,10,69.943921
10.0,10,69.962308
10.0,10,69.980727
8.0,8,69.995443
9.0,9,70.012009
10.0,10,70.030364
10.0,10,70.048677
9.0,9,70.06526
10.0,10,70.083707
8.0,8,70.0985
10.0,10,70.116971
11.0,11,70.137292
10.0,10,70.155542
8.0,8,70.170151
10.0,10,70.188641
8.0,8,70.204526
10.0,10,70.22302
10.0,10,70.241361
9.0,9,70.257954
11.0,11,70.278285
9.0,9,70.29481
10.0,10,70.313287
9.0,9,70.330194
9.0,9,70.346894
10.0,10,70.365535
9.0,9,70.382152
8.0,8,70.396929
10.0,10,70.416229
8.0,8,70.432074
9.0,9,70.450207
10.0,10,70.469638
9.0,9,70.487362
10.0,10,70.506806
10.0,10,70.526317
8.0,8,70.541317
10.0,10,70.559475
9.0,9,70.575802
8.0,8,70.590362
10.0,10,70.60859
9.0,9,70.624925
9.0,9,70.641266
10.0,10,70.659534
8.0,8,70.674368
8.0,8,70.689216
10.0,10,70.708147
9.0,9,70.724678
8.0,8,70.739386
10.0,10,70.757973
10.0,10,70.77704
9.0,9,70.793558
11.0,11,70.813764
8.0,8,70.828572
9.0,9,70.845773
10.0,10,70.865723
9.0,9,70.882433
10.0,10,70.901929
8.0,8,70.916786
9.0,9,70.933668
10.0,10,70.952417
9.0,9,70.969342
9.0,9,70.986743
10.0,10,71.005354
10.0,10,71.023872
10.0,10,71.042574
10.0,10,71.061075
9.0,9,71.07786
10.0,10,71.097551
10.0,10,71.117611
10.0,10,71.136815
10.0,10,71.15574
10.0,10,71.174668
9.0,9,71.192872
10.0,10,71.212784
10.0,10,71.231482
9.0,9,71.248254
10.0,10,71.266899
10.0,10,71.285781
9.0,9,71.303062
10.0,10,71.321641
8.0,8,71.336548
10.0,10,71.35505
10.0,10,71.373572
9.0,9,71.390139
9.0,9,71.406729
8.0,8,71.421565
9.0,9,71.438337
8.0,8,71.453241
10.0,10,71.471945
8.0,8,71.487643
9.0,9,71.505292
9.0,9,71.522707
11.0,11,71.543761
8.0,8,71.569723
10.0,10,71.58843
9.0,9,71.605276
9.0,9,71.622324
8.0,8,71.637243
10.0,10,71.655471
10.0,10,71.673632
10.0,10,71.692115
9.0,9,71.708882
10.0,10,71.72748
10.0,10,71.746005
10.0,10,71.76436
10.0,10,71.782904
10.0,10,71.80163
10.0,10,71.820503
10.0,10,71.838985
9.0,9,71.855728
10.0,10,71.874078
10.0,10,71.8924
9.0,9,71.909259
10.0,10,71.927739
10.0,10,71.946126
9.0,9,71.962783
8.0,8,71.977597
9.0,9,71.994158
9.0,9,72.010784
8.0,8,72.025635
10.0,10,72.044142
9.0,9,72.060662
8.0,8,72.07556
8.0,8,72.091031
8.0,8,72.106538
10.0,10,72.125278
9.0,9,72.142131
8.0,8,72.15707
9.0,9,72.173776
9.0,9,72.191682
9.0,9,72.208856
9.0,9,72.225846
9.0,9,72.242898
10.0,10,72.261743
10.0,10,72.280491
9.0,9,72.297416
10.0,10,72.316252
10.0,10,75.067415
9.0,9,75.083878
10.0,10,75.102239
9.0,9,75.118777
10.0,10,75.137121
10.0,10,75.155537
10.0,10,75.173944
8.0,8,75.188549
9.0,9,75.205176
9.0,9,75.221717
10.0,10,75.240321
11.0,11,75.260664
8.0,8,75.275435
9.0,9,75.291991
10.0,10,75.310331
8.0,8,75.325009
8.0,8,75.339718
11.0,11,75.359991
9.0,9,75.376452
11.0,11,75.396458
10.0,10,75.414855
8.0,8,75.429602
9.0,9,75.446134
10.0,10,75.464756
9.0,9,75.481571
10.0,10,75.499672
10.0,10,75.518643
9.0,9,75.535608
10.0,10,75.554029
9.0,9,75.570608
11.0,11,75.591034
10.0,10,75.610399
8.0,8,75.625863
9.0,9,75.642778
9.0,9,75.659699
9.0,9,75.676594
8.0,8,75.691729
10.0,10,75.710604
9.0,9,75.727508
9.0,9,75.744418
8.0,8,75.759463
10.0,10,75.777805
10.0,10,75.796143
9.0,9,75.813188
9.0,9,75.829795
9.0,9,75.84637
9.0,9,75.862883
9.0,9,75.879321
9.0,9,75.895718
10.0,10,75.914099
9.0,9,75.930571
10.0,10,75.948896
9.0,9,75.965408
9.0,9,75.981906
10.0,10,76.000255
10.0,10,76.01863
10.0,10,76.037041
10.0,10,76.055525
10.0,10,76.073956
8.0,8,76.088718
10.0,10,76.107596
9.0,9,76.124472
10.0,10,76.142827
9.0,9,76.159324
8.0,8,76.174097
9.0,9,76.190789
9.0,9,76.209306
9.0,9,76.225934
11.0,11,76.246036
10.0,10,76.264444
9.0,9,76.280975
10.0,10,76.299314
10.0,10,76.317667
8.0,8,76.332474
9.0,9,76.41363
9.0,9,76.431246
9.0,9,76.448152
10.0,10,76.466813
8.0,8,76.481644
10.0,10,76.500529
10.0,10,76.519399
10.0,10,76.538384
9.0,9,76.555209
8.0,8,76.570073
10.0,10,76.588596
10.0,10,76.607215
9.0,9,76.623958
10.0,10,76.642555
9.0,9,76.659441
10.0,10,76.678136
9.0,9,76.694791
8.0,8,76.710686
9.0,9,76.728186
9.0,9,76.745043
10.0,10,76.763709
10.0,10,76.782438
9.0,9,76.799571
8.0,8,76.815527
10.0,10,76.834337
9.0,9,76.851115
10.0,10,76.869768
8.0,8,76.884587
9.0,9,76.901292
9.0,9,76.918025
11.0,11,76.938465
9.0,9,76.955263
8.0,8,76.970151
10.0,10,76.988707
10.0,10,77.007337
9.0,9,77.024123
10.0,10,77.042683
10.0,10,77.061418
10.0,10,77.080019
10.0,10,77.098771
10.0,10,77.118721
8.0,8,77.133894
9.0,9,77.150728
9.0,9,77.167708
9.0,9,77.184666
10.0,10,77.20419
10.0,10,77.223257
10.0,10,77.241858
8.0,8,77.256713
10.0,10,77.275221
9.0,9,77.291705
10.0,10,77.310083
10.0,10,77.329032
10.0,10,77.347429
9.0,9,77.364017
8.0,8,77.378761
9.0,9,77.395247
10.0,10,77.4135
10.0,10,77.431814
10.0,10,77.450115
10.0,10,77.468494
9.0,9,77.485147
11.0,11,77.505238
9.0,9,77.521686
9.0,9,77.53817
10.0,10,77.556435
10.0,10,77.57496
10.0,10,77.593267
10.0,10,77.611712
10.0,10,77.630193
9.0,9,77.646838
9.0,9,77.663533
9.0,9,77.680239
9.0,9,77.696808
9.0,9,77.713428
9.0,9,77.730082
10.0,10,77.748616
8.0,8,77.763589
8.0,8,77.778493
9.0,9,77.795125
8.0,8,77.809954
10.0,10,77.828394
9.0,9,77.8451
9.0,9,77.861863
10.0,10,77.880399
9.0,9,77.896974
10.0,10,77.915495
10.0,10,77.934101
8.0,8,77.949004
10.0,10,77.967557
9.0,9,77.984325
10.0,10,78.002843
10.0,10,78.021339
9.0,9,78.038076
9.0,9,78.054833
10.0,10,78.073409
9.0,9,78.090077
9.0,9,78.106822
9.0,9,78.123427
9.0,9,78.140207
9.0,9,78.156977
10.0,10,78.175611
8.0,8,78.190535
10.0,10,78.209625
9.0,9,78.227055
10.0,10,78.246216
10.0,10,78.264822
9.0,9,78.281507
10.0,10,78.300028
9.0,9,78.31669
9.0,9,78.333264
9.0,9,78.349825
8.0,8,78.364601
10.0,10,78.383069
10.0,10,78.401445
8.0,8,78.41615
8.0,8,78.431396
9.0,9,78.448476
8.0,8,78.463435
9.0,9,78.480351
9.0,9,78.497073
9.0,9,78.513937
9.0,9,78.531083
10.0,10,78.550153
10.0,10,78.568593
10.0,10,78.587166
9.0,9,78.603826
8.0,8,78.619229
10.0,10,78.638249
9.0,9,78.65488
10.0,10,78.673304
10.0,10,78.691808
10.0,10,78.710911
10.0,10,78.729447
10.0,10,78.747816
10.0,10,78.766181
9.0,9,78.782763
9.0,9,78.799346
9.0,9,78.815885
8.0,8,78.830673
9.0,9,78.847107
9.0,9,78.863535
10.0,10,78.88195
10.0,10,78.900198
10.0,10,78.918459
10.0,10,81.671056
10.0,10,81.689407
10.0,10,81.708104
10.0,10,81.727217
8.0,8,81.741716
9.0,9,81.757977
9.0,9,81.774264
9.0,9,81.790568
10.0,10,81.809376
10.0,10,81.827585
9.0,9,81.844056
10.0,10,81.862406
10.0,10,81.880797
9.0,9,81.897325
10.0,10,81.915373
9.0,9,81.931684
9.0,9,81.947938
10.0,10,81.966101
8.0,8,81.980572
11.0,11,82.000511
11.0,11,82.020377
11.0,11,82.040239
9.0,9,82.056546
9.0,9,82.072802
10.0,10,82.090985
10.0,10,82.109522
9.0,9,82.12589
10.0,10,82.144058
9.0,9,82.160618
9.0,9,82.177115
9.0,9,82.193706
9.0,9,82.210097
9.0,9,82.22647
9.0,9,82.242865
11.0,11,82.262847
10.0,10,82.280943
10.0,10,82.299097
10.0,10,82.317247
9.0,9,82.333583
9.0,9,82.34993
10.0,10,82.36829
9.0,9,82.384812
9.0,9,82.401201
10.0,10,82.41946
9.0,9,82.43638
10.0,10,82.456009
8.0,8,82.471578
9.0,9,82.489448
10.0,10,82.509872
9.0,9,82.528208
10.0,10,82.54757
9.0,9,82.564012
10.0,10,82.582147
10.0,10,82.600347
10.0,10,82.618983
9.0,9,82.635633
9.0,9,82.651953
10.0,10,82.670037
10.0,10,82.688142
10.0,10,82.706523
10.0,10,82.725263
10.0,10,82.74331
9.0,9,82.759552
9.0,9,82.775802
9.0,9,82.792061
9.0,9,82.808393
9.0,9,82.824626
10.0,10,82.84265
8.0,8,82.85708
10.0,10,82.875141
9.0,9,82.891367
9.0,9,82.907578
10.0,10,82.925581
9.0,9,82.941837
9.0,9,82.958102
9.0,9,82.974344
9.0,9,82.990592
9.0,9,83.006855
9.0,9,83.023116
9.0,9,83.039397
9.0,9,83.05565
10.0,10,83.073714
10.0,10,83.093009
9.0,9,83.109653
9.0,9,83.125963
9.0,9,83.142333
10.0,10,83.160509
9.0,9,83.177446
10.0,10,83.195924
9.0,9,83.2122
10.0,10,83.230239
9.0,9,83.246526
10.0,10,83.264644
9.0,9,83.280907
9.0,9,83.297578
11.0,11,83.318556
9.0,9,83.335652
10.0,10,83.354187
8.0,8,83.368971
9.0,9,83.385556
10.0,10,83.404025
9.0,9,83.42066
9.0,9,83.437344
9.0,9,83.454101
9.0,9,83.471365
10.0,10,83.490582
9.0,9,83.508935
9.0,9,83.527804
9.0,9,83.545757
8.0,8,83.561974
10.0,10,83.581866
10.0,10,83.601334
8.0,8,83.617165
9.0,9,83.63411
9.0,9,83.650881
10.0,10,83.669541
10.0,10,83.688136
8.0,8,83.702992
10.0,10,83.721955
10.0,10,83.741276
10.0,10,83.759878
10.0,10,83.778414
10.0,10,83.796935
9.0,9,83.814005
9.0,9,83.831204
9.0,9,83.847855
8.0,8,83.862636
9.0,9,83.879264
9.0,9,83.89589
9.0,9,83.912533
9.0,9,83.929342
9.0,9,83.946204
9.0,9,83.963121
10.0,10,83.982065
9.0,9,83.999143
9.0,9,84.016155
9.0,9,84.033197
8.0,8,84.048434
10.0,10,84.067422
9.0,9,84.084451
8.0,8,84.100338
10.0,10,84.120367
10.0,10,84.140247
11.0,11,84.162011
10.0,10,84.181942
10.0,10,84.201765
10.0,10,84.221513
10.0,10,84.241181
10.0,10,84.260834
9.0,9,84.278436
9.0,9,84.295768
10.0,10,84.315404
10.0,10,84.334479
9.0,9,84.351499
9.0,9,84.368508
8.0,8,84.383602
9.0,9,84.400621
9.0,9,84.417666
10.0,10,84.436594
10.0,10,84.455553
10.0,10,84.474484
8.0,8,84.489549
9.0,9,84.506546
9.0,9,84.523557
10.0,10,84.542543
8.0,8,84.557651
10.0,10,84.576609
11.0,11,84.597463
9.0,9,84.614503
9.0,9,84.631513
9.0,9,84.648536
10.0,10,84.66748
9.0,9,84.684512
9.0,9,84.701541
10.0,10,84.720496
8.0,8,84.735602
10.0,10,84.754537
11.0,11,84.775382
10.0,10,84.79425
9.0,9,84.81129
9.0,9,84.828263
9.0,9,84.84533
11.0,11,84.866556
9.0,9,84.884209
9.0,9,84.901987
9.0,9,84.919496
9.0,9,84.937069
10.0,10,84.956507
9.0,9,84.974101
9.0,9,84.991705
8.0,8,85.007732
11.0,11,85.029484
8.0,8,85.045127
8.0,8,85.060645
10.0,10,85.080266
10.0,10,85.099822
9.0,9,85.117532
11.0,11,85.138896
10.0,10,85.158388
8.0,8,85.173695
10.0,10,85.192467
10.0,10,85.211082
10.0,10,85.229272
9.0,9,85.245615
10.0,10,85.263726
10.0,10,85.281931
10.0,10,85.300278
8.0,8,85.314904
10.0,10,85.333162
10.0,10,85.351368
10.0,10,85.369517
10.0,10,85.387695
10.0,10,85.406222
8.0,8,85.420858
10.0,10,85.439075
9.0,9,85.455438
8.0,8,85.469964
9.0,9,85.486363
9.0,9,88.210331
10.0,10,88.23033
10.0,10,88.251027
10.0,10,88.271503
9.0,9,88.28901
10.0,10,88.308574
8.0,8,88.324416
10.0,10,88.347077
8.0,8,88.363832
9.0,9,88.381873
9.0,9,88.399795
9.0,9,88.417939
8.0,8,88.434051
9.0,9,88.451734
10.0,10,88.471743
8.0,8,88.487778
10.0,10,88.507892
10.0,10,88.527746
9.0,9,88.545208
8.0,8,88.560755
10.0,10,88.580128
10.0,10,88.599351
10.0,10,88.619032
10.0,10,88.638349
9.0,9,88.655613
9.0,9,88.673063
9.0,9,88.690351
9.0,9,88.707679
8.0,8,88.723641
8.0,8,88.739595
10.0,10,88.759776
10.0,10,88.780716
8.0,8,88.796997
10.0,10,88.816823
10.0,10,88.835991
10.0,10,88.854959
10.0,10,88.874123
9.0,9,88.891307
9.0,9,88.908687
9.0,9,88.925849
10.0,10,88.944859
10.0,10,88.964068
9.0,9,88.98125
9.0,9,88.998402
10.0,10,89.017804
9.0,9,89.035166
10.0,10,89.054297
11.0,11,89.075255
8.0,8,89.090381
9.0,9,89.107594
10.0,10,89.127012
10.0,10,89.145968
9.0,9,89.162906
10.0,10,89.181695
10.0,10,89.200849
10.0,10,89.219473
9.0,9,89.236316
10.0,10,89.254794
8.0,8,89.269615
8.0,8,89.285649
8.0,8,89.301489
10.0,10,89.3218
9.0,9,89.339483
10.0,10,89.359508
9.0,9,89.378261
8.0,8,89.394135
8.0,8,89.408976
9.0,9,89.425629
10.0,10,89.443887
8.0,8,89.458434
10.0,10,89.476637
10.0,10,89.494829
8.0,8,89.509408
10.0,10,89.52861
9.0,9,89.545777
9.0,9,89.562978
10.0,10,89.581981
10.0,10,89.601413
8.0,8,89.617603
9.0,9,89.635473
9.0,9,89.653334
9.0,9,89.671327
10.0,10,89.691263
8.0,8,89.707074
10.0,10,89.727086
10.0,10,89.746158
9.0,9,89.763154
8.0,8,89.778285
10.0,10,89.797195
11.0,11,89.818201
9.0,9,89.835115
9.0,9,89.851784
10.0,10,89.870225
10.0,10,89.888718
9.0,9,89.905371
10.0,10,89.924101
9.0,9,89.940735
9.0,9,89.95734
10.0,10,89.975798
9.0,9,89.992421
10.0,10,90.010919
9.0,9,90.027755
11.0,11,90.048089
9.0,9,90.064748
9.0,9,90.081368
9.0,9,90.098118
9.0,9,90.114791
10.0,10,90.133241
8.0,8,90.148031
9.0,9,90.164681
10.0,10,90.183332
10.0,10,90.201919
9.0,9,90.218628
9.0,9,90.23544
9.0,9,90.252099
10.0,10,90.270589
9.0,9,90.287289
10.0,10,90.305857
10.0,10,90.324664
10.0,10,90.343248
9.0,9,90.359978
8.0,8,90.374747
10.0,10,90.393182
9.0,9,90.409816
8.0,8,90.424761
10.0,10,90.443245
9.0,9,90.459931
10.0,10,90.478418
9.0,9,90.49502
10.0,10,90.513493
10.0,10,90.531826
11.0,11,90.551931
9.0,9,90.568216
8.0,8,90.582634
10.0,10,90.60251
10.0,10,90.621457
9.0,9,90.638178
9.0,9,90.654879
10.0,10,90.673623
10.0,10,90.692263
10.0,10,90.710397
9.0,9,90.726817
9.0,9,90.743101
8.0,8,90.757581
11.0,11,90.77746
9.0,9,90.793736
9.0,9,90.810005
9.0,9,90.826473
9.0,9,90.842852
9.0,9,90.85955
9.0,9,90.876301
9.0,9,90.892877
10.0,10,90.911088
10.0,10,90.929749
8.0,8,90.944885
9.0,9,90.961891
10.0,10,90.980363
10.0,10,90.99883
10.0,10,91.018098
9.0,9,91.035204
8.0,8,91.049851
10.0,10,91.06814
10.0,10,91.086497
11.0,11,91.107477
10.0,10,91.126126
8.0,8,91.140903
9.0,9,91.157617
9.0,9,91.174514
9.0,9,91.191556
9.0,9,91.208991
10.0,10,91.227299
10.0,10,91.245394
9.0,9,91.261821
9.0,9,91.27814
9.0,9,91.294545
8.0,8,91.309091
10.0,10,91.327669
9.0,9,91.3442
10.0,10,91.362752
10.0,10,91.380823
10.0,10,91.398865
10.0,10,91.416903
9.0,9,91.434168
10.0,10,91.452573
9.0,9,91.469316
11.0,11,91.489698
9.0,9,91.506475
10.0,10,91.524689
9.0,9,91.54121
10.0,10,91.559552
10.0,10,91.578309
10.0,10,91.597082
9.0,9,91.614049
9.0,9,91.634531
9.0,9,91.654343
9.0,9,91.671068
9.0,9,91.687658
9.0,9,91.704346
10.0,10,91.722864
11.0,11,91.743166
10.0,10,91.761408
9.0,9,91.778091
9.0,9,91.794513
8.0,8,91.809514
9.0,9,91.826073
10.0,10,91.844503
9.0,9,91.861107
10.0,10,91.87945
9.0,9,91.896078
10.0,10,91.914603
9.0,9,91.931366
10.0,10,91.949899
10.0,10,91.968395
10.0,10,91.986941
9.0,9,92.004162
9.0,9,92.020856
9.0,9,92.037652
10.0,10,92.05628
9.0,9,92.073027
9.0,9,94.803883
9.0,9,94.820276
9.0,9,94.836686
9.0,9,94.853008
10.0,10,94.871173
9.0,9,94.887512
10.0,10,94.905629
9.0,9,94.921907
9.0,9,94.938184
9.0,9,94.954548
9.0,9,94.970987
10.0,10,94.989103
8.0,8,95.003612
10.0,10,95.021809
9.0,9,95.038269
10.0,10,95.056345
10.0,10,95.074412
10.0,10,95.092578
9.0,9,95.108972
10.0,10,95.127018
11.0,11,95.147045
10.0,10,95.165296
10.0,10,95.183618
9.0,9,95.200025
11.0,11,95.219917
10.0,10,95.237999
10.0,10,95.256057
10.0,10,95.274099
9.0,9,95.290395
9.0,9,95.306659
9.0,9,95.323146
9.0,9,95.339518
10.0,10,95.358229
10.0,10,95.376709
11.0,11,95.397008
10.0,10,95.416191
8.0,8,95.431381
10.0,10,95.450098
11.0,11,95.470826
9.0,9,95.488271
10.0,10,95.507329
8.0,8,95.522928
10.0,10,95.541679
9.0,9,95.558547
10.0,10,95.578026
9.0,9,95.595259
9.0,9,95.611691
8.0,8,95.626191
9.0,9,95.642953
11.0,11,95.663418
10.0,10,95.68159
8.0,8,95.69613
10.0,10,95.714543
9.0,9,95.731446
11.0,11,95.752001
8.0,8,95.76671
10.0,10,95.784966
10.0,10,95.803282
10.0,10,95.821747
11.0,11,95.841878
10.0,10,95.860202
9.0,9,95.876948
10.0,10,95.895972
9.0,9,95.912988
8.0,8,95.928049
10.0,10,95.946508
8.0,8,95.961513
8.0,8,95.976264
9.0,9,95.992809
10.0,10,96.011377
9.0,9,96.027988
8.0,8,96.042818
9.0,9,96.059577
9.0,9,96.076276
9.0,9,96.093048
9.0,9,96.110623
10.0,10,96.129245
8.0,8,96.144156
8.0,8,96.15905
9.0,9,96.175786
8.0,8,96.190943
9.0,9,96.20918
10.0,10,96.227698
10.0,10,96.246227
8.0,8,96.261045
10.0,10,96.279473
9.0,9,96.296163
10.0,10,96.314589
10.0,10,96.333068
9.0,9,96.349709
8.0,8,96.364561
9.0,9,96.381525
9.0,9,96.398207
8.0,8,96.413004
10.0,10,96.431486
10.0,10,96.449957
9.0,9,96.4668
9.0,9,96.483396
8.0,8,96.498243
10.0,10,96.516741
11.0,11,96.539289
10.0,10,96.557648
10.0,10,96.575852
9.0,9,96.592342
10.0,10,96.610579
9.0,9,96.626958
9.0,9,96.643454
10.0,10,96.661679
9.0,9,96.678014
10.0,10,96.696335
10.0,10,96.714638
10.0,10,96.733059
9.0,9,96.749815
11.0,11,96.770647
8.0,8,96.785548
10.0,10,96.803987
10.0,10,96.822932
8.0,8,96.838064
9.0,9,96.855208
10.0,10,96.874266
10.0,10,96.893424
11.0,11,96.914475
10.0,10,96.932999
9.0,9,96.94973
9.0,9,96.966475
10.0,10,96.984741
10.0,10,97.003126
9.0,9,97.019721
9.0,9,97.036356
9.0,9,97.052936
10.0,10,97.072388
9.0,9,97.08988
8.0,8,97.105745
8.0,8,97.120645
9.0,9,97.137103
8.0,8,97.15202
10.0,10,97.170565
9.0,9,97.187867
10.0,10,97.2073
8.0,8,97.22263
10.0,10,97.241652
10.0,10,97.260333
9.0,9,97.277205
9.0,9,97.29393
8.0,8,97.309047
9.0,9,97.32602
9.0,9,97.342495
9.0,9,97.358987
10.0,10,97.377301
9.0,9,97.393729
10.0,10,97.411923
9.0,9,97.428352
8.0,8,97.442956
10.0,10,97.461198
10.0,10,97.479424
8.0,8,97.494024
9.0,9,97.510434
9.0,9,97.52671
8.0,8,97.541149
9.0,9,97.557368
10.0,10,97.575471
8.0,8,97.589928
9.0,9,97.606197
10.0,10,97.624238
10.0,10,97.642305
10.0,10,97.660505
9.0,9,97.676878
8.0,8,97.691408
10.0,10,97.709601
11.0,11,97.729644
10.0,10,97.747837
8.0,8,97.762407
8.0,8,97.77702
10.0,10,97.795394
10.0,10,97.813794
9.0,9,97.830143
9.0,9,97.846912
10.0,10,97.86511
8.0,8,97.879858
8.0,8,97.894436
11.0,11,97.914515
10.0,10,97.932879
11.0,11,97.953088
8.0,8,97.967943
9.0,9,97.984366
9.0,9,98.000941
8.0,8,98.0157
8.0,8,98.030516
10.0,10,98.049059
10.0,10,98.067344
10.0,10,98.085714
10.0,10,98.105674
8.0,8,98.1211
10.0,10,98.140439
9.0,9,98.15767
10.0,10,98.176628
10.0,10,98.196106
9.0,9,98.213193
10.0,10,98.231775
8.0,8,98.246727
10.0,10,98.265523
10.0,10,98.284119
9.0,9,98.30087
10.0,10,98.319661
9.0,9,98.336417
9.0,9,98.35308
8.0,8,98.367853
9.0,9,98.384392
10.0,10,98.402619
9.0,9,98.419284
9.0,9,98.435947
10.0,10,98.454352
9.0,9,98.471374
9.0,9,98.48776
9.0,9,98.504157
10.0,10,98.522351
10.0,10,98.540598
10.0,10,98.558982
9.0,9,98.575661
8.0,8,101.334401
10.0,10,101.355346
10.0,10,101.374148
9.0,9,101.390777
9.0,9,101.407103
9.0,9,101.423382
10.0,10,101.441722
10.0,10,101.46008
9.0,9,101.476451
10.0,10,101.494617
9.0,9,101.510907
10.0,10,101.528967
8.0,8,101.543536
10.0,10,101.561738
10.0,10,101.579943
10.0,10,101.598051
9.0,9,101.61437
10.0,10,101.63244
10.0,10,101.650543
10.0,10,101.668657
9.0,9,101.68492
9.0,9,101.701183
10.0,10,101.719278
10.0,10,101.737348
8.0,8,101.752015
10.0,10,101.770119
9.0,9,101.786405
10.0,10,101.80453
10.0,10,101.822627
10.0,10,101.84073
9.0,9,101.857083
10.0,10,101.875197
10.0,10,101.893294
9.0,9,101.909585
9.0,9,101.925926
9.0,9,101.94222
9.0,9,101.958493
10.0,10,101.976582
10.0,10,101.994677
9.0,9,102.010919
9.0,9,102.027181
10.0,10,102.045393
9.0,9,102.061664
9.0,9,102.077935
10.0,10,102.096465
9.0,9,102.114478
11.0,11,102.135608
9.0,9,102.153394
9.0,9,102.170456
9.0,9,102.187357
8.0,8,102.203148
8.0,8,102.218167
10.0,10,102.236653
9.0,9,102.253419
10.0,10,102.272001
9.0,9,102.289235
10.0,10,102.308536
11.0,11,102.328773
11.0,11,102.349071
10.0,10,102.367697
9.0,9,102.384869
9.0,9,102.401545
10.0,10,102.419894
9.0,9,102.436523
8.0,8,102.451411
9.0,9,102.46839
9.0,9,102.48499
10.0,10,102.503332
10.0,10,102.521681
10.0,10,102.539939
9.0,9,102.556376
9.0,9,102.57285
9.0,9,102.589339
9.0,9,102.605798
10.0,10,102.62394
10.0,10,102.642098
9.0,9,102.658975
11.0,11,102.679424
10.0,10,102.697604
11.0,11,102.717657
9.0,9,102.734004
10.0,10,102.752645
10.0,10,102.771441
9.0,9,102.787826
9.0,9,102.804281
9.0,9,102.820674
10.0,10,102.839332
10.0,10,102.858333
10.0,10,102.87767
8.0,8,102.892569
10.0,10,102.91123
9.0,9,102.927819
9.0,9,102.944579
9.0,9,102.961621
10.0,10,102.980413
10.0,10,102.998726
10.0,10,103.017009
10.0,10,103.035294
8.0,8,103.049888
10.0,10,103.068136
10.0,10,103.086382
9.0,9,103.10316
11.0,11,103.123314
10.0,10,103.141713
9.0,9,103.158162
9.0,9,103.17457
9.0,9,103.191239
9.0,9,103.207735
10.0,10,103.225996
10.0,10,103.244258
10.0,10,103.262672
10.0,10,103.280979
8.0,8,103.296018
9.0,9,103.312836
8.0,8,103.327629
9.0,9,103.344228
10.0,10,103.362682
10.0,10,103.381079
10.0,10,103.399361
9.0,9,103.415776
9.0,9,103.432363
10.0,10,103.450856
10.0,10,103.469676
10.0,10,103.48865
9.0,9,103.506427
8.0,8,103.522407
10.0,10,103.542781
10.0,10,103.562617
10.0,10,103.582346
9.0,9,103.59906
10.0,10,103.617448
9.0,9,103.63417
8.0,8,103.64901
10.0,10,103.667764
8.0,8,103.682644
10.0,10,103.701057
10.0,10,103.718964
10.0,10,103.737123
10.0,10,103.756459
10.0,10,103.775214
9.0,9,103.79155
10.0,10,103.809504
8.0,8,103.823963
9.0,9,103.840814
10.0,10,103.859487
10.0,10,103.877407
9.0,9,103.893438
9.0,9,103.909561
9.0,9,103.926019
9.0,9,103.942191
9.0,9,103.958349
9.0,9,103.974515
10.0,10,103.992451
10.0,10,104.01037
8.0,8,104.024657
9.0,9,104.040755
9.0,9,104.056944
9.0,9,104.073089
10.0,10,104.09101
10.0,10,104.110533
9.0,9,104.127377
10.0,10,104.145822
10.0,10,104.164414
10.0,10,104.182705
10.0,10,104.201867
10.0,10,104.219762
10.0,10,104.237617
9.0,9,104.253598
10.0,10,104.271567
10.0,10,104.289361
10.0,10,104.307144
8.0,8,104.321399
9.0,9,104.33738
11.0,11,104.357057
10.0,10,104.374932
11.0,11,104.394469
9.0,9,104.411244
9.0,9,104.427827
9.0,9,104.444447
10.0,10,104.464209
9.0,9,104.481431
9.0,9,104.49863
9.0,9,104.515509
9.0,9,104.532291
10.0,10,104.551381
10.0,10,104.570284
11.0,11,104.590732
9.0,9,104.607388
8.0,8,104.622299
9.0,9,104.63914
10.0,10,104.657639
10.0,10,104.676206
9.0,9,104.693532
9.0,9,104.710649
8.0,8,104.726401
9.0,9,104.743965
10.0,10,104.763519
9.0,9,104.781114
10.0,10,104.800492
10.0,10,104.819835
9.0,9,104.837388
10.0,10,104.856384
10.0,10,104.875051
9.0,9,104.892244
10.0,10,104.911273
11.0,11,104.9318
8.0,8,104.946604
10.0,10,104.965338
9.0,9,104.981945
10.0,10,105.00045
10.0,10,105.018914
9.0,9,105.035763
9.0,9,105.053226
10.0,10,105.072661
10.0,10,105.092381
10.0,10,105.112492
10.0,10,107.857387
9.0,9,107.874698
10.0,10,107.894385
10.0,10,107.913644
10.0,10,107.933312
8.0,8,107.94906
10.0,10,107.96871
10.0,10,107.988388
8.0,8,108.004118
8.0,8,108.019861
9.0,9,108.037548
10.0,10,108.057191
9.0,9,108.074922
9.0,9,108.092607
9.0,9,108.11047
8.0,8,108.126271
10.0,10,108.145732
9.0,9,108.163496
8.0,8,108.179118
10.0,10,108.198615
9.0,9,108.216567
9.0,9,108.234181
10.0,10,108.253532
10.0,10,108.273257
9.0,9,108.29089
10.0,10,108.3104
8.0,8,108.325844
10.0,10,108.345313
9.0,9,108.362855
10.0,10,108.382629
10.0,10,108.402247
8.0,8,108.417646
10.0,10,108.437301
8.0,8,108.452671
8.0,8,108.468482
10.0,10,108.489724
10.0,10,108.511242
10.0,10,108.532063
10.0,10,108.551973
10.0,10,108.571399
9.0,9,108.588814
10.0,10,108.608777
8.0,8,108.624771
9.0,9,108.642771
9.0,9,108.660794
8.0,8,108.676794
11.0,11,108.698786
10.0,10,108.71879
10.0,10,108.738752
9.0,9,108.756747
9.0,9,108.774786
8.0,8,108.790784
8.0,8,108.806753
8.0,8,108.822749
10.0,10,108.842682
8.0,8,108.858175
10.0,10,108.877575
9.0,9,108.895286
10.0,10,108.914603
8.0,8,108.93033
9.0,9,108.947677
10.0,10,108.967531
10.0,10,108.987176
9.0,9,109.004491
10.0,10,109.023106
9.0,9,109.039491
8.0,8,109.054027
10.0,10,109.072172
9.0,9,109.088637
10.0,10,109.107102
10.0,10,109.125254
10.0,10,109.143409
11.0,11,109.163607
10.0,10,109.181995
9.0,9,109.198685
9.0,9,109.215009
10.0,10,109.233124
9.0,9,109.24946
10.0,10,109.267581
11.0,11,109.287632
10.0,10,109.305822
9.0,9,109.322199
9.0,9,109.338608
11.0,11,109.358738
8.0,8,109.374045
8.0,8,109.388812
8.0,8,109.403562
9.0,9,109.420257
10.0,10,109.43866
9.0,9,109.45541
9.0,9,109.472757
10.0,10,109.491405
9.0,9,109.508136
10.0,10,109.526574
9.0,9,109.543276
9.0,9,109.560178
10.0,10,109.578557
10.0,10,109.596889
8.0,8,109.611444
9.0,9,109.627827
8.0,8,109.642354
10.0,10,109.660507
10.0,10,109.678741
10.0,10,109.696944
9.0,9,109.713253
10.0,10,109.731605
10.0,10,109.750705
10.0,10,109.769611
10.0,10,109.788308
9.0,9,109.805036
9.0,9,109.821637
9.0,9,109.838561
8.0,8,109.853834
10.0,10,109.872076
10.0,10,109.890189
9.0,9,109.90651
9.0,9,109.922781
9.0,9,109.939054
9.0,9,109.955327
10.0,10,109.973429
11.0,11,109.993342
9.0,9,110.009717
10.0,10,110.028373
9.0,9,110.044889
10.0,10,110.063118
10.0,10,110.081309
9.0,9,110.097902
9.0,9,110.114347
9.0,9,110.130796
9.0,9,110.147289
8.0,8,110.162077
10.0,10,110.180513
10.0,10,110.198879
10.0,10,110.216889
9.0,9,110.233116
10.0,10,110.251175
10.0,10,110.269279
10.0,10,110.287689
10.0,10,110.306493
10.0,10,110.325083
9.0,9,110.341513
8.0,8,110.356332
9.0,9,110.372908
9.0,9,110.38947
10.0,10,110.407913
8.0,8,110.422611
10.0,10,110.441588
9.0,9,110.45861
9.0,9,110.47595
8.0,8,110.491112
9.0,9,110.508439
9.0,9,110.525604
10.0,10,110.545104
10.0,10,110.56444
10.0,10,110.583655
10.0,10,110.602895
9.0,9,110.619202
10.0,10,110.63731
9.0,9,110.653584
9.0,9,110.669956
10.0,10,110.688011
10.0,10,110.706128
8.0,8,110.7206
10.0,10,110.738843
10.0,10,110.757113
9.0,9,110.773614
9.0,9,110.789877
8.0,8,110.804362
9.0,9,110.820726
9.0,9,110.837155
10.0,10,110.855339
8.0,8,110.869992
9.0,9,110.886589
8.0,8,110.901655
10.0,10,110.919918
9.0,9,110.936425
10.0,10,110.954681
9.0,9,110.971125
11.0,11,110.991352
9.0,9,111.007848
10.0,10,111.026179
9.0,9,111.04273
9.0,9,111.05922
9.0,9,111.075716
9.0,9,111.092964
10.0,10,111.112254
10.0,10,111.131119
10.0,10,111.149894
8.0,8,111.165235
9.0,9,111.183193
8.0,8,111.198778
11.0,11,111.218783
9.0,9,111.235972
10.0,10,111.256577
10.0,10,111.276082
9.0,9,111.292767
8.0,8,111.308444
9.0,9,111.326016
9.0,9,111.342911
8.0,8,111.357592
10.0,10,111.37631
10.0,10,111.395402
9.0,9,111.412101
10.0,10,111.430671
9.0,9,111.447712
8.0,8,111.463203
9.0,9,111.479531
10.0,10,111.497684
10.0,10,111.516251
9.0,9,111.53333
11.0,11,111.553653
11.0,11,111.574156
10.0,10,111.592595
9.0,9,111.609374
9.0,9,111.626209
10.0,10,111.644194
9.0,9,111.660454
8.0,8,111.674839
9.0,9,111.691023
10.0,10,111.709022
9.0,9,114.42669
9.0,9,114.442986
10.0,10,114.461183
8.0,8,114.476635
8.0,8,114.492286
9.0,9,114.509506
10.0,10,114.528602
10.0,10,114.547138
9.0,9,114.563719
9.0,9,114.580443
8.0,8,114.59547
9.0,9,114.612056
10.0,10,114.630227
9.0,9,114.646603
10.0,10,114.66506
9.0,9,114.681457
9.0,9,114.697805
9.0,9,114.714271
11.0,11,114.734438
10.0,10,114.75281
9.0,9,114.769278
10.0,10,114.7874
9.0,9,114.803698
10.0,10,114.821821
8.0,8,114.836354
9.0,9,114.85291
10.0,10,114.871207
9.0,9,114.887503
9.0,9,114.903774
10.0,10,114.921902
8.0,8,114.936382
10.0,10,114.954544
8.0,8,114.969054
10.0,10,114.987181
10.0,10,115.005407
8.0,8,115.019876
9.0,9,115.03612
8.0,8,115.050571
10.0,10,115.068928
9.0,9,115.085422
10.0,10,115.103782
9.0,9,115.120049
10.0,10,115.138057
9.0,9,115.155043
10.0,10,115.173798
9.0,9,115.190935
10.0,10,115.210094
10.0,10,115.22894
10.0,10,115.248055
10.0,10,115.266876
9.0,9,115.283662
9.0,9,115.300462
8.0,8,115.315153
10.0,10,115.334169
10.0,10,115.352983
10.0,10,115.371455
10.0,10,115.390141
9.0,9,115.406842
9.0,9,115.423538
9.0,9,115.440109
9.0,9,115.456804
9.0,9,115.473685
10.0,10,115.49295
10.0,10,115.511989
10.0,10,115.53191
10.0,10,115.550719
10.0,10,115.569865
10.0,10,115.58937
10.0,10,115.608486
10.0,10,115.62742
10.0,10,115.645755
10.0,10,115.66406
10.0,10,115.682419
11.0,11,115.702657
8.0,8,115.717356
10.0,10,115.735809
9.0,9,115.752455
10.0,10,115.770974
9.0,9,115.787464
9.0,9,115.804007
8.0,8,115.818677
10.0,10,115.836989
10.0,10,115.855297
10.0,10,115.873671
9.0,9,115.890119
9.0,9,115.906503
10.0,10,115.924726
9.0,9,115.941204
8.0,8,115.955893
9.0,9,115.972306
10.0,10,115.990524
9.0,9,116.007016
10.0,10,116.025188
10.0,10,116.043369
9.0,9,116.059833
10.0,10,116.07829
10.0,10,116.096904
9.0,9,116.113667
10.0,10,116.132043
10.0,10,116.150821
9.0,9,116.167489
9.0,9,116.184327
8.0,8,116.199282
10.0,10,116.21757
10.0,10,116.235807
10.0,10,116.254341
10.0,10,116.272544
9.0,9,116.289021
9.0,9,116.305375
9.0,9,116.321778
9.0,9,116.338212
8.0,8,116.352867
9.0,9,116.3699
10.0,10,116.388484
10.0,10,116.407044
10.0,10,116.425187
10.0,10,116.44334
9.0,9,116.459654
9.0,9,116.475964
10.0,10,116.494469
10.0,10,116.513879
10.0,10,116.533287
9.0,9,116.550746
9.0,9,116.568015
9.0,9,116.584825
9.0,9,116.602054
9.0,9,116.619024
10.0,10,116.637671
9.0,9,116.654973
9.0,9,116.67223
10.0,10,116.691224
9.0,9,116.708398
10.0,10,116.727616
9.0,9,116.744998
9.0,9,116.762585
10.0,10,116.782048
9.0,9,116.799747
10.0,10,116.819236
9.0,9,116.836833
8.0,8,116.852441
10.0,10,116.871666
9.0,9,116.888857
10.0,10,116.907567
8.0,8,116.922421
9.0,9,116.939117
9.0,9,116.955719
8.0,8,116.970264
9.0,9,116.986608
10.0,10,117.005145
8.0,8,117.019835
10.0,10,117.038186
10.0,10,117.056721
10.0,10,117.075152
10.0,10,117.09357
10.0,10,117.112391
9.0,9,117.128962
8.0,8,117.143507
8.0,8,117.158219
10.0,10,117.176718
10.0,10,117.195277
9.0,9,117.211732
8.0,8,117.226324
10.0,10,117.244439
9.0,9,117.260772
10.0,10,117.278949
10.0,10,117.297243
10.0,10,117.315593
10.0,10,117.333687
10.0,10,117.351839
8.0,8,117.366381
9.0,9,117.382792
8.0,8,117.397405
9.0,9,117.413972
9.0,9,117.430437
9.0,9,117.446966
10.0,10,117.465276
9.0,9,117.481728
9.0,9,117.498169
9.0,9,117.514633
9.0,9,117.531086
10.0,10,117.549199
8.0,8,117.563727
9.0,9,117.580025
10.0,10,117.598255
9.0,9,117.614563
8.0,8,117.62911
10.0,10,117.647278
9.0,9,117.663813
9.0,9,117.680289
10.0,10,117.698619
9.0,9,117.714957
9.0,9,117.731427
8.0,8,117.745977
9.0,9,117.76248
10.0,10,117.780661
8.0,8,117.795237
9.0,9,117.811707
8.0,8,117.826427
9.0,9,117.842948
10.0,10,117.861283
10.0,10,117.879607
10.0,10,117.897997
9.0,9,117.914353
10.0,10,117.932621
10.0,10,117.95096
9.0,9,117.967543
9.0,9,117.984068
9.0,9,118.000582
10.0,10,118.018933
10.0,10,118.03723
9.0,9,118.053687
10.0,10,118.071868
9.0,9,118.088393
9.0,9,118.104983
9.0,9,118.121331
8.0,8,118.135893
10.0,10,118.154055
10.0,10,118.172192
10.0,10,118.190578
10.0,10,120.919759
8.0,8,120.934731
9.0,9,120.951556
10.0,10,120.970284
8.0,8,120.985912
10.0,10,121.005685
9.0,9,121.023401
10.0,10,121.043266
9.0,9,121.060487
8.0,8,121.075492
10.0,10,121.094301
9.0,9,121.112572
10.0,10,121.131402
8.0,8,121.146857
9.0,9,121.164961
8.0,8,121.180379
9.0,9,121.19909
9.0,9,121.216169
10.0,10,121.234978
10.0,10,121.254521
10.0,10,121.274185
9.0,9,121.291705
9.0,9,121.309608
10.0,10,121.329512
10.0,10,121.349585
9.0,9,121.369043
9.0,9,121.386898
9.0,9,121.404733
9.0,9,121.422649
9.0,9,121.440518
10.0,10,121.461304
10.0,10,121.482943
9.0,9,121.499625
8.0,8,121.514392
9.0,9,121.531003
10.0,10,121.549427
10.0,10,121.56797
10.0,10,121.586467
9.0,9,121.603667
9.0,9,121.621465
9.0,9,121.639316
10.0,10,121.657813
10.0,10,121.676275
9.0,9,121.692878
9.0,9,121.710261
10.0,10,121.729332
10.0,10,121.748511
9.0,9,121.766214
10.0,10,121.78572
8.0,8,121.801417
10.0,10,121.820604
8.0,8,121.836251
8.0,8,121.852151
10.0,10,121.873079
8.0,8,121.888712
10.0,10,121.907446
9.0,9,121.924258
8.0,8,121.939286
10.0,10,121.958355
10.0,10,121.976913
8.0,8,121.991759
10.0,10,122.010623
10.0,10,122.029063
10.0,10,122.047532
9.0,9,122.064208
10.0,10,122.082781
9.0,9,122.100115
8.0,8,122.115136
9.0,9,122.131789
10.0,10,122.15036
8.0,8,122.165366
9.0,9,122.182532
9.0,9,122.19983
9.0,9,122.216416
10.0,10,122.234761
9.0,9,122.251256
11.0,11,122.271616
9.0,9,122.288205
10.0,10,122.307522
8.0,8,122.323594
10.0,10,122.343515
9.0,9,122.360421
9.0,9,122.377285
9.0,9,122.394354
9.0,9,122.41131
9.0,9,122.427866
10.0,10,122.44618
9.0,9,122.462745
10.0,10,122.481127
10.0,10,122.499448
8.0,8,122.514134
10.0,10,122.532698
10.0,10,122.551445
9.0,9,122.568282
8.0,8,122.583226
8.0,8,122.598177
8.0,8,122.612989
8.0,8,122.627786
10.0,10,122.646181
9.0,9,122.66275
10.0,10,122.681237
9.0,9,122.697927
9.0,9,122.715459
10.0,10,122.734384
9.0,9,122.751362
10.0,10,122.770423
10.0,10,122.789692
11.0,11,122.810468
9.0,9,122.827491
10.0,10,122.8464
9.0,9,122.863194
10.0,10,122.881793
9.0,9,122.898396
9.0,9,122.914992
10.0,10,122.933404
9.0,9,122.949983
9.0,9,122.966515
9.0,9,122.983092
10.0,10,123.001516
8.0,8,123.016222
10.0,10,123.034585
9.0,9,123.051187
9.0,9,123.067735
10.0,10,123.086123
9.0,9,123.102737
8.0,8,123.11747
9.0,9,123.134015
10.0,10,123.152386
9.0,9,123.16897
9.0,9,123.185483
9.0,9,123.202036
10.0,10,123.221059
11.0,11,123.242086
9.0,9,123.259206
10.0,10,123.27827
8.0,8,123.293507
8.0,8,123.309464
9.0,9,123.32683
9.0,9,123.344242
9.0,9,123.36158
10.0,10,123.380979
10.0,10,123.400697
10.0,10,123.419646
8.0,8,123.43472
10.0,10,123.453564
8.0,8,123.46939
10.0,10,123.489836
9.0,9,123.507365
9.0,9,123.524623
9.0,9,123.542106
9.0,9,123.55951
9.0,9,123.5778
8.0,8,123.59314
10.0,10,123.612296
9.0,9,123.629415
8.0,8,123.644639
9.0,9,123.661773
9.0,9,123.678959
10.0,10,123.698048
10.0,10,123.717085
9.0,9,123.734253
9.0,9,123.751459
10.0,10,123.770591
9.0,9,123.787821
10.0,10,123.806847
10.0,10,123.825828
10.0,10,123.844837
11.0,11,123.865698
11.0,11,123.886626
10.0,10,123.905648
8.0,8,123.920867
9.0,9,123.937972
9.0,9,123.955057
10.0,10,123.974081
8.0,8,123.989272
8.0,8,124.004518
8.0,8,124.01973
8.0,8,124.034913
10.0,10,124.053694
10.0,10,124.072363
10.0,10,124.091166
9.0,9,124.108093
9.0,9,124.124931
8.0,8,124.140011
10.0,10,124.158736
9.0,9,124.175655
8.0,8,124.190752
10.0,10,124.209491
9.0,9,124.226485
8.0,8,124.241491
10.0,10,124.26035
10.0,10,124.279254
8.0,8,124.294326
10.0,10,124.313798
10.0,10,124.332745
9.0,9,124.349797
10.0,10,124.368685
9.0,9,124.386516
8.0,8,124.402146
10.0,10,124.420945
9.0,9,124.437455
10.0,10,124.45579
11.0,11,124.475902
9.0,9,124.492407
8.0,8,124.50705
10.0,10,124.525346
9.0,9,124.542001
10.0,10,124.560341
10.0,10,124.578648
9.0,9,124.595153
10.0,10,124.613467
10.0,10,124.632102
10.0,10,124.650392
9.0,9,124.6669
10.0,10,124.685233
9.0,9,124.701717
11.0,11,124.721866
9.0,9,124.738318
10.0,10,124.756764
11.0,11,124.776905
10.0,10,127.527008
9.0,9,127.543628
10.0,10,127.56231
9.0,9,127.579887
10.0,10,127.598745
9.0,9,127.616376
9.0,9,127.633577
9.0,9,127.650396
8.0,8,127.665481
10.0,10,127.684696
10.0,10,127.70326
9.0,9,127.719944
9.0,9,127.736651
9.0,9,127.753371
9.0,9,127.770111
9.0,9,127.786847
10.0,10,127.805542
10.0,10,127.824291
9.0,9,127.84094
9.0,9,127.857579
9.0,9,127.874289
9.0,9,127.89099
10.0,10,127.909593
10.0,10,127.928207
10.0,10,127.94663
10.0,10,127.965109
9.0,9,127.981716
10.0,10,128.000327
9.0,9,128.0171
10.0,10,128.035572
9.0,9,128.052214
9.0,9,128.068881
10.0,10,128.087436
10.0,10,128.106146
10.0,10,128.124712
10.0,10,128.143164
9.0,9,128.15978
10.0,10,128.178294
9.0,9,128.194979
10.0,10,128.213603
9.0,9,128.230301
9.0,9,128.247106
10.0,10,128.265799
10.0,10,128.284366
9.0,9,128.301206
10.0,10,128.320439
10.0,10,128.339277
9.0,9,128.356229
9.0,9,128.373269
10.0,10,128.392288
10.0,10,128.411415
8.0,8,128.426396
8.0,8,128.441252
9.0,9,128.457799
10.0,10,128.476967
10.0,10,128.496285
8.0,8,128.511553
10.0,10,128.530209
9.0,9,128.54709
9.0,9,128.564407
10.0,10,128.583552
9.0,9,128.600708
8.0,8,128.6158
10.0,10,128.635213
8.0,8,128.650547
9.0,9,128.667343
11.0,11,128.687799
10.0,10,128.706878
8.0,8,128.722112
10.0,10,128.74068
10.0,10,128.760034
9.0,9,128.776858
10.0,10,128.796037
8.0,8,128.81169
9.0,9,128.828642
9.0,9,128.846083
8.0,8,128.861584
9.0,9,128.879082
8.0,8,128.894338
10.0,10,128.913363
10.0,10,128.931901
9.0,9,128.948672
9.0,9,128.96527
9.0,9,128.981859
9.0,9,128.998495
9.0,9,129.015877
9.0,9,129.032405
10.0,10,129.050664
8.0,8,129.065264
9.0,9,129.082096
9.0,9,129.100615
9.0,9,129.118001
10.0,10,129.136202
8.0,8,129.15078
9.0,9,129.167125
9.0,9,129.184414
10.0,10,129.203922
10.0,10,129.222954
10.0,10,129.241197
9.0,9,129.257602
10.0,10,129.275833
10.0,10,129.294022
9.0,9,129.310449
9.0,9,129.327556
10.0,10,129.345856
9.0,9,129.362341
10.0,10,129.380809
10.0,10,129.399292
9.0,9,129.416467
10.0,10,129.435026
9.0,9,129.451462
10.0,10,129.469872
9.0,9,129.486423
8.0,8,129.501669
9.0,9,129.518944
10.0,10,129.537726
9.0,9,129.554454
9.0,9,129.571183
8.0,8,129.585961
9.0,9,129.602438
9.0,9,129.618788
11.0,11,129.63875
10.0,10,129.656947
9.0,9,129.673306
10.0,10,129.691445
9.0,9,129.707789
10.0,10,129.725959
9.0,9,129.74229
10.0,10,129.760526
11.0,11,129.780491
10.0,10,129.798598
10.0,10,129.816777
9.0,9,129.833091
10.0,10,129.85122
9.0,9,129.867558
9.0,9,129.883869
9.0,9,129.900205
9.0,9,129.916584
10.0,10,129.935401
10.0,10,129.953846
10.0,10,129.972243
8.0,8,129.986759
10.0,10,130.005212
9.0,9,130.022176
10.0,10,130.041081
10.0,10,130.06004
9.0,9,130.076528
10.0,10,130.094897
10.0,10,130.113308
8.0,8,130.128146
10.0,10,130.146475
8.0,8,130.161228
9.0,9,130.177831
8.0,8,130.192538
10.0,10,130.210737
10.0,10,130.228947
10.0,10,130.247129
10.0,10,130.265344
10.0,10,130.28353
9.0,9,130.299933
11.0,11,130.320188
10.0,10,130.338395
10.0,10,130.356632
10.0,10,130.375003
9.0,9,130.391404
10.0,10,130.409759
10.0,10,130.428125
10.0,10,130.446461
9.0,9,130.463054
9.0,9,130.479398
10.0,10,130.497779
11.0,11,130.517797
10.0,10,130.536228
9.0,9,130.552611
10.0,10,130.570903
10.0,10,130.589176
10.0,10,130.607503
10.0,10,130.625819
10.0,10,130.644022
8.0,8,130.658475
9.0,9,130.67469
9.0,9,130.69104
9.0,9,130.707294
8.0,8,130.721992
9.0,9,130.738237
10.0,10,130.756261
9.0,9,130.772576
10.0,10,130.79059
10.0,10,130.808591
10.0,10,130.827007
9.0,9,130.843722
10.0,10,130.862224
9.0,9,130.878742
9.0,9,130.8953
10.0,10,130.913832
9.0,9,130.930534
9.0,9,130.947263
10.0,10,130.965895
8.0,8,130.980651
9.0,9,130.997925
9.0,9,131.014735
10.0,10,131.033391
10.0,10,131.052064
9.0,9,131.068794
10.0,10,131.087572
11.0,11,131.108592
9.0,9,131.12531
8.0,8,131.140112
10.0,10,131.158612
10.0,10,131.177219
10.0,10,131.195724
11.0,11,131.216038
9.0,9,131.232675
8.0,8,131.247457
8.0,8,131.262211
10.0,10,131.280626
9.0,9,131.297248
9.0,9,131.313822
9.0,9,134.036238
9.0,9,134.053404
10.0,10,134.072212
10.0,10,134.091019
10.0,10,134.110664
9.0,9,134.128409
9.0,9,134.145772
10.0,10,134.165474
9.0,9,134.184013
10.0,10,134.203528
10.0,10,134.22236
9.0,9,134.239135
10.0,10,134.257851
9.0,9,134.274811
9.0,9,134.291535
10.0,10,134.310321
10.0,10,134.3289
9.0,9,134.345493
10.0,10,134.363979
10.0,10,134.382384
11.0,11,134.40254
9.0,9,134.419155
10.0,10,134.437518
10.0,10,134.455957
10.0,10,134.47422
9.0,9,134.490726
9.0,9,134.507241
8.0,8,134.52187
9.0,9,134.538154
10.0,10,134.556247
10.0,10,134.574339
9.0,9,134.590815
10.0,10,134.609034
10.0,10,134.627101
9.0,9,134.64357
9.0,9,134.659973
9.0,9,134.67633
10.0,10,134.694529
11.0,11,134.714545
10.0,10,134.732731
8.0,8,134.747242
8.0,8,134.761753
9.0,9,134.778264
10.0,10,134.796508
9.0,9,134.812887
8.0,8,134.827712
10.0,10,134.845949
10.0,10,134.864118
9.0,9,134.880493
9.0,9,134.897021
8.0,8,134.911806
9.0,9,134.928331
10.0,10,134.946604
9.0,9,134.963051
9.0,9,134.979508
9.0,9,134.995962
11.0,11,135.016159
10.0,10,135.034554
8.0,8,135.049232
10.0,10,135.067447
10.0,10,135.085675
8.0,8,135.10038
10.0,10,135.11856
11.0,11,135.138638
10.0,10,135.15714
9.0,9,135.173868
11.0,11,135.194282
10.0,10,135.212916
8.0,8,135.227761
10.0,10,135.246279
10.0,10,135.264848
9.0,9,135.281516
9.0,9,135.298223
8.0,8,135.313103
10.0,10,135.331623
10.0,10,135.350158
9.0,9,135.366825
9.0,9,135.383523
9.0,9,135.400254
9.0,9,135.416922
9.0,9,135.43366
9.0,9,135.450411
9.0,9,135.467162
9.0,9,135.483864
9.0,9,135.500967
10.0,10,135.520173
9.0,9,135.537055
10.0,10,135.555801
8.0,8,135.570848
9.0,9,135.587889
9.0,9,135.605365
10.0,10,135.624381
10.0,10,135.643275
9.0,9,135.660082
10.0,10,135.678658
9.0,9,135.695399
11.0,11,135.715794
9.0,9,135.732535
10.0,10,135.751112
8.0,8,135.766002
9.0,9,135.782733
10.0,10,135.801263
9.0,9,135.818057
9.0,9,135.834884
9.0,9,135.851658
10.0,10,135.870319
9.0,9,135.887035
8.0,8,135.901926
10.0,10,135.920459
9.0,9,135.937192
9.0,9,135.953897
8.0,8,135.968743
9.0,9,135.985945
8.0,8,136.001256
8.0,8,136.016019
9.0,9,136.032695
9.0,9,136.049359
9.0,9,136.066438
8.0,8,136.081735
8.0,8,136.097392
9.0,9,136.11446
10.0,10,136.13305
10.0,10,136.151779
11.0,11,136.172309
8.0,8,136.187483
10.0,10,136.205938
10.0,10,136.224077
10.0,10,136.242226
8.0,8,136.256934
