#{"t_start": 1620827303.8721921, "env_id": "HalfCheetahPyBulletEnv-v0"}
r,l,t
-9.443619,22,2.869022
-10.446258,18,2.931344
-17.983714,37,3.048104
-9.810486,14,3.09053
-13.674178,23,3.159972
-0.552124,17,3.211179
-10.326628,17,3.26267
-3.487907,15,3.307962
-14.892704,20,3.367697
-3.02006,17,3.418648
-4.549718,17,3.469576
-1.314953,17,3.520625
-5.585747,14,3.562645
-12.445746,20,3.622122
-17.61948,29,3.708434
-0.636229,14,3.750218
-11.764196,18,3.804231
-9.663745,19,3.862138
-4.69458,16,3.910292
-8.045521,17,3.962116
-1.812088,15,4.007182
-3.37443,19,4.064591
-6.516772,25,4.139546
-1.817261,16,4.187633
-9.3607,14,4.22989
-8.013731,18,4.283929
-12.008099,18,4.338012
-9.743255,13,4.377067
-5.779049,18,4.431769
-4.763672,21,4.494408
-5.040283,17,4.545808
-11.847954,16,4.59372
-4.091199,15,4.639456
-2.590049,19,4.696572
1.244862,23,4.766962
-9.5887,26,4.844963
-9.633187,18,4.89893
-4.742083,16,4.946802
-5.59885,16,4.994945
-6.499914,17,5.046106
-9.614206,17,5.097352
-7.286954,14,5.140047
-7.685468,16,5.18796
-15.970893,18,5.24153
-12.621202,24,5.314791
-8.10561,15,5.359958
-1.905128,15,5.405025
-10.002239,16,5.453049
-6.664573,16,5.50109
-1.62088,17,5.552233
-10.288118,16,5.600436
-5.248476,23,5.669985
5.110308,17,5.721127
-3.181994,29,5.808127
-1.913307,14,5.850816
-3.297542,15,5.897228
-2.508339,15,5.944381
-8.424433,22,6.013951
-15.501946,15,6.059331
-3.602503,16,6.107472
-4.619807,16,6.156142
-11.339031,18,6.210248
-7.610179,14,6.252828
-3.855679,26,6.331315
-8.554701,15,6.376882
-11.074318,18,6.431351
-13.456894,16,6.481374
-14.52752,17,6.533403
-6.25687,17,6.588532
-4.81124,11,6.625304
-1.052873,18,6.682519
-4.802998,16,6.732799
-2.865396,17,6.788339
-10.137421,16,6.836974
-8.068914,18,6.892313
-5.747866,15,6.939489
-11.655225,16,6.988055
-4.223293,14,7.031317
-4.225662,14,7.073966
-2.626575,16,7.123719
-8.169312,21,7.187876
-15.292563,14,7.232359
-13.02372,19,7.289997
-10.711985,17,7.340983
-8.205073,15,7.386148
-9.828936,14,7.4284
-12.539712,18,7.482821
-7.368344,16,7.531148
-7.283812,13,7.570443
-10.406909,18,7.624812
-10.808229,18,7.678891
-2.69481,16,7.72709
-9.100145,16,7.775852
-8.423581,18,7.831214
-3.932274,16,7.881564
1.796136,18,7.936087
-11.286736,18,7.992003
-18.64843,24,8.064411
-11.972206,15,8.10996
-2.048783,16,8.16029
-9.762757,13,8.19996
-5.282985,15,8.246511
-18.958854,20,8.307037
-7.634452,14,8.349241
-7.250556,15,8.395035
-10.405216,14,8.439269
-12.870135,18,8.493976
-4.355639,18,8.548982
-8.873232,17,8.601965
-2.749783,17,8.654007
-1.030094,18,8.709893
-9.483791,28,8.795453
-15.385511,17,8.846625
-3.961511,18,8.900939
-11.284232,13,8.940418
-7.008954,15,8.985941
-7.365257,28,12.594897
2.981978,17,12.649456
-5.570038,14,12.693603
-0.920834,16,12.744039
-15.405711,18,12.80109
-1.88094,17,12.854123
-12.923982,25,12.933175
-3.261196,16,12.983051
-5.1854,22,13.052796
-15.239801,21,13.118448
-5.239358,13,13.159146
-8.864028,24,13.23403
-1.41623,18,13.289669
-3.125473,17,13.341103
-1.778831,17,13.39255
-12.263329,14,13.435042
-5.436568,17,13.486599
-9.767562,16,13.535538
-12.15801,14,13.577976
-7.535767,15,13.6235
-8.184867,18,13.677996
-12.217557,17,13.729204
-6.219133,15,13.774791
-0.307378,20,13.835092
-4.116023,17,13.886444
-4.097384,17,13.937954
-6.845626,13,13.977712
-10.781127,17,14.029147
-4.534291,17,14.080682
-0.456746,17,14.132079
-5.385482,16,14.180425
-5.377987,17,14.231942
-8.71834,15,14.27759
-7.232323,19,14.334925
-3.475929,17,14.386598
-10.02523,13,14.42595
-3.741631,19,14.483554
-5.447068,15,14.529335
-3.562691,20,14.589769
-2.266541,17,14.641881
-10.403888,17,14.694633
-12.942106,16,14.744309
-6.086864,14,14.788114
-6.53433,15,14.835034
-9.718364,13,14.87567
-16.343597,21,14.945971
-4.793133,16,14.998188
-1.513627,18,15.055968
-12.84393,17,15.109973
-10.895507,17,15.164749
-1.233936,19,15.226085
-5.470733,18,15.285243
-7.857393,16,15.336345
-4.309807,14,15.381159
-15.643758,22,15.451241
-8.651089,17,15.505487
-10.706316,16,15.556729
-3.903055,18,15.614223
-3.327322,13,15.656074
-9.203153,18,15.713701
-11.648686,18,15.771178
-7.889849,14,15.815978
-3.314626,18,15.873554
-7.30603,20,15.937478
-4.572832,19,15.998509
-6.409621,16,16.049576
-3.404006,14,16.094388
-3.185063,17,16.148689
-10.635563,16,16.199873
-5.589791,15,16.24826
-6.145343,26,16.331922
-0.401037,26,16.417289
-5.414875,13,16.460908
-4.382239,17,16.516792
-16.027535,23,16.592211
0.028053,17,16.648599
-4.95148,19,16.711688
-0.939186,18,16.774634
-3.751983,20,16.842646
-3.525826,18,16.901679
-5.633171,21,16.968802
-3.48393,19,17.029639
-5.762146,16,17.081664
-8.52664,16,17.132905
-3.347685,13,17.174407
-7.46197,18,17.232863
-8.096726,17,17.287243
-8.811687,18,17.345281
-15.40747,16,17.396428
-5.377837,14,17.443159
-7.405676,15,17.492035
-14.513877,18,17.552155
-7.797949,16,17.603697
-8.378155,16,17.655595
-12.476424,17,17.710469
-2.633929,16,17.762342
-10.399251,20,17.827594
-11.099882,18,17.885669
-3.099646,18,17.943457
-5.656172,17,17.998248
0.583644,17,18.052786
-11.36196,14,18.097579
-14.908308,19,18.158414
-15.618111,17,18.212991
-10.593345,16,18.264332
-2.8714,14,18.309547
-1.33449,15,18.357719
-12.499382,17,18.412728
-9.847518,16,18.464418
-2.962053,16,18.516287
-10.212864,23,18.590539
-9.568473,15,18.639283
-6.564969,15,18.687702
-7.22578,18,18.745869
-0.628919,16,18.797735
-3.666332,14,18.842948
-0.499971,16,18.894406
-2.257552,17,18.949005
-3.36422,16,19.000543
-1.956833,17,19.055184
-9.621064,16,22.188173
-5.823828,18,22.246031
-7.923436,15,22.293463
-4.803101,14,22.353621
-4.52673,17,22.420343
-14.72587,15,22.471282
-10.958959,16,22.523008
-6.542506,18,22.582061
8.158583,26,22.665867
-8.485343,14,22.711111
-11.444275,17,22.765031
-11.856594,16,22.816856
-11.863738,13,22.858254
-0.594578,17,22.913659
-8.3562,17,22.967581
-4.184256,17,23.021617
-2.708499,17,23.075316
-9.013372,14,23.120536
-10.135019,24,23.196539
-5.461788,13,23.239017
-7.89611,17,23.292568
-5.714941,23,23.36245
-19.634947,17,23.414057
-5.871953,15,23.460081
-3.287556,16,23.508647
-8.032986,13,23.549438
-5.321248,21,23.613596
-24.376384,24,23.714235
-2.585252,15,23.778565
-3.470718,19,23.847878
-1.471647,26,23.93334
1.700585,25,24.010467
-3.392093,26,24.08912
-11.371718,17,24.141398
-3.109384,15,24.186823
-5.395843,20,24.247244
-3.981918,14,24.289798
-1.523618,18,24.344657
1.826937,18,24.399837
-11.811493,16,24.44885
-1.412318,16,24.498461
-1.384265,18,24.555147
-6.999131,13,24.595713
-5.982655,15,24.6433
-3.277182,21,24.708125
-1.0223,18,24.76404
0.345751,16,24.814702
-7.920721,16,24.895973
0.6198,18,24.987112
-5.088957,18,25.055374
-12.410695,17,25.110546
-12.481753,16,25.162305
5.650909,25,25.241445
-1.199421,17,25.295703
-7.027902,20,25.357899
-4.402595,24,25.434353
-9.723609,17,25.487295
-6.379248,18,25.544921
-5.270855,18,25.628985
-3.02048,24,25.743727
-5.942764,17,25.807528
-5.494468,16,25.860537
0.018634,17,25.91452
-6.395402,16,25.966777
-2.269286,16,26.017894
-0.197419,19,26.079428
-2.631198,13,26.121055
-7.093597,18,26.178577
-5.833996,18,26.236191
-10.016548,17,26.290056
-9.93343,18,26.346276
-8.590625,18,26.402343
-3.023837,16,26.452266
-11.055844,19,26.511982
-5.443481,16,26.562526
-6.512201,15,26.609519
-5.431266,14,26.653582
-1.502017,17,26.706966
-8.220092,22,26.776225
-7.36305,17,26.829475
4.000917,21,26.895247
-5.078268,12,26.932935
-7.48665,17,26.986387
-5.472272,21,27.051946
-6.419862,15,27.098756
-5.128383,16,27.148741
-11.975288,27,27.232888
-1.266494,18,27.28953
-7.400919,17,27.342539
-4.962823,17,27.395583
-10.638872,16,27.44531
-13.52782,19,27.504522
-6.866007,13,27.545138
-9.040081,17,27.598233
-8.714569,15,27.645193
-10.348644,16,27.694851
-2.30642,15,27.742439
-2.647486,15,27.78994
-3.108848,15,27.836722
-0.839124,16,27.886625
-2.897808,16,27.93708
-2.549953,18,27.993549
-7.950348,14,28.037467
0.451478,17,28.090918
-4.663058,18,28.147505
-5.368631,13,28.188226
2.676808,24,28.263161
-7.82215,21,28.328761
-5.983107,21,28.394721
-7.105273,17,28.448184
-4.635355,16,28.498451
-5.411411,17,28.552086
-3.608041,18,28.609103
-0.283446,14,28.653304
-0.350331,17,28.70786
1.709507,25,28.788396
-5.09259,13,28.829326
-3.995011,19,31.973796
-11.688744,17,32.025862
-7.880312,16,32.074475
-2.532345,14,32.117127
-3.674843,17,32.168883
-12.492198,16,32.217584
-3.015501,15,32.263262
-6.238945,18,32.31828
-5.365152,23,32.388881
-6.018161,19,32.44857
2.217949,19,32.543431
-2.696376,18,32.630737
-12.40269,18,32.696205
-4.041187,18,32.755162
-6.951718,14,32.798551
-12.880854,23,32.868368
-1.215387,14,32.924803
-7.676244,17,32.99336
-5.933423,18,33.053364
-15.201756,17,33.104692
0.719804,24,33.177074
-0.850084,17,33.228235
0.083454,17,33.279268
-6.408996,20,33.34591
-2.221504,16,33.430186
-3.852711,18,33.502003
-4.195882,17,33.559983
-10.327743,19,33.621016
2.347126,16,33.67193
-3.584141,16,33.723328
-4.039933,17,33.776518
-5.057381,18,33.832647
-3.076027,18,33.889003
2.923962,17,33.94043
-0.189693,17,33.992074
-10.06459,17,34.043338
-6.728977,16,34.117867
-10.293604,16,34.202693
-2.713647,12,34.252584
-4.887647,17,34.313255
-2.405543,18,34.370831
-1.054699,18,34.426794
-0.170402,16,34.479975
-4.289626,15,34.528695
-6.980757,18,34.587056
-1.796421,17,34.641414
-2.040876,17,34.695648
-5.573337,15,34.74352
-3.012031,17,34.797781
-13.596653,20,34.862272
-6.042706,14,34.907069
-5.469468,15,34.954752
-0.58017,17,35.00798
10.635347,25,35.086147
0.176322,20,35.147161
-9.185991,21,35.211533
-4.325044,18,35.265306
1.667639,19,35.323376
-3.520417,15,35.368804
-6.659922,19,35.42619
-2.190625,17,35.477656
-2.582015,17,35.52982
-4.097961,17,35.583462
-0.258179,16,35.632096
-3.432538,18,35.687217
-5.319756,24,35.76028
-8.5866,15,35.805933
-2.860922,19,35.863351
-5.611696,17,35.914754
-5.31177,18,35.969289
-4.204266,18,36.023695
-7.431397,16,36.072064
1.065038,21,36.135664
-5.971909,19,36.192826
-5.151965,16,36.24128
-6.148914,18,36.295818
-0.195942,21,36.359876
-3.836837,17,36.411948
-8.388296,17,36.46395
-3.380755,18,36.518818
-10.24364,25,36.59543
-3.389471,19,36.654547
4.6662,21,36.725144
-10.042986,18,36.783219
2.25578,18,36.83871
-2.326343,19,36.897172
-6.585658,17,36.968855
-10.226118,16,37.027917
-5.348986,22,37.099069
-6.893297,16,37.148828
-7.560192,16,37.198575
-3.211263,14,37.242293
-3.787301,15,37.289052
-5.921194,17,37.341618
1.137248,23,37.412617
-6.46694,18,37.472192
0.869869,17,37.526474
-7.383036,18,37.583617
-1.456244,18,37.646411
-4.252738,17,37.746839
-2.441628,18,37.834571
-8.125936,16,37.914787
-3.945954,18,38.01228
1.876933,22,38.112784
-7.107788,17,38.174031
-6.275443,19,38.236131
-16.29301,15,38.283593
3.141636,17,38.335731
-7.720626,18,38.391407
2.489361,19,38.449578
-3.129759,17,38.503821
-14.03828,25,38.581076
-5.850044,18,38.640353
-6.120402,19,38.701226
0.263211,25,41.885337
-8.828483,17,41.941619
-4.508732,17,41.994958
-7.208258,23,42.067141
1.8823,19,42.126652
-5.512733,13,42.167329
-15.929458,30,42.261576
-12.194793,19,42.323463
-5.999447,13,42.365889
-7.119273,16,42.417949
-3.560465,14,42.46462
-9.850775,16,42.516144
-3.902383,16,42.568229
-3.012884,15,42.615362
-1.31129,17,42.668796
-5.777079,23,42.74068
-8.806663,16,42.790534
-7.887831,20,42.851815
-4.359257,19,42.910317
-3.891926,19,42.969006
-6.397871,22,43.036794
-0.839762,16,43.085633
-17.158872,19,43.143827
-4.055554,17,43.195632
-11.651139,15,43.241227
-3.568065,16,43.290081
-6.268311,20,43.350999
-6.118381,16,43.399558
-5.824463,19,43.457623
-6.131546,16,43.506353
-3.857675,16,43.555718
-4.6047,19,43.614231
-4.578074,18,43.669583
-5.991058,20,43.730843
1.209108,17,43.783264
-3.495401,17,43.835372
-17.481908,17,43.887545
-13.333199,23,43.958428
-4.791087,23,44.028644
-3.466135,16,44.077752
-3.448638,16,44.126537
-6.108322,20,44.187735
-6.868203,14,44.230875
-8.425521,21,44.295828
-2.809597,24,44.369378
-1.68803,18,44.425074
0.52739,14,44.467883
-2.704281,23,44.538331
-5.945736,28,44.62399
-10.647367,14,44.666706
2.254084,16,44.715837
-15.099611,27,44.798775
-5.892531,36,44.908938
-2.192984,19,44.967508
-0.870063,13,45.007612
-6.736671,18,45.062974
-5.292116,22,45.130891
-11.642915,15,45.177029
-12.767051,24,45.25017
-8.319824,16,45.2992
-9.113765,16,45.348169
-2.768717,18,45.403022
-2.815698,20,45.464121
-7.295273,16,45.51326
-20.083113,18,45.568248
-5.032267,17,45.620245
-3.551881,17,45.672526
-9.898408,22,45.740213
-12.153858,16,45.789327
1.929415,17,45.84153
-0.438113,19,45.899873
-17.51953,20,45.961164
-11.188099,18,46.016207
0.826684,20,46.077762
-10.159137,17,46.129685
-1.443933,17,46.181919
-1.010193,18,46.237189
-4.637945,18,46.292151
-1.286198,14,46.33519
-7.067397,22,46.403031
-4.032032,16,46.45214
-2.175784,17,46.504238
-11.649073,29,46.592577
4.21132,26,46.672392
-5.886001,18,46.727261
-6.989999,16,46.77611
-5.908244,18,46.831093
-4.014024,21,46.895295
-2.791518,22,46.962905
-2.74028,25,47.039855
-8.820675,14,47.08267
-1.125603,19,47.140955
2.643032,20,47.202431
-4.812048,15,47.248602
0.391279,17,47.301063
-9.962958,18,47.356541
-1.886106,18,47.411992
-10.900066,23,47.482956
-8.723491,20,47.544465
-10.990503,18,47.599567
-7.766133,16,47.648489
1.587196,24,47.721875
-4.001145,18,47.77715
-2.198058,19,47.835652
-5.195439,12,47.872534
1.935679,17,47.924663
-9.72873,22,47.99198
-3.906053,12,48.029049
-13.327047,19,48.087003
4.564616,18,48.142528
-0.192034,18,51.237639
-2.144228,18,51.293655
-10.412032,19,51.351273
-6.125512,15,51.39688
-2.54434,20,51.458775
3.437661,18,51.514352
-5.240324,17,51.566621
-8.367677,17,51.61851
-11.124938,15,51.664317
-2.59312,12,51.700994
-6.779079,19,51.759338
7.570236,30,51.86098
0.998071,18,51.920676
-5.597428,22,51.991668
2.227127,23,52.068118
1.083921,17,52.12474
-5.291128,19,52.184082
-4.260915,19,52.243409
-2.476099,13,52.284203
-20.316217,22,52.353259
-3.910228,18,52.409597
-0.158347,18,52.467987
0.232587,15,52.515281
-3.335344,18,52.572623
-3.335371,20,52.637222
-4.602065,18,52.694694
-5.82255,19,52.756262
-11.408868,24,52.833432
-11.145671,16,52.88563
-5.017752,17,52.942291
-1.887944,20,53.00486
-3.971816,16,53.055068
-1.310445,16,53.105536
-3.793066,18,53.161933
-7.282607,15,53.208832
0.757427,25,53.285389
-7.491455,18,53.347221
2.077267,21,53.412893
2.646596,22,53.483549
-6.47405,16,53.537688
-5.691532,19,53.601333
-2.374902,17,53.654629
-1.880948,24,53.731283
-4.793176,37,53.904767
-10.148666,19,53.9763
-5.357939,19,54.036737
-8.193938,16,54.090182
-3.434743,19,54.151814
0.369472,18,54.207957
-8.366032,20,54.271462
-7.240894,15,54.320043
-7.268361,24,54.395205
5.822225,24,54.469399
-10.797461,19,54.528023
-4.221505,14,54.572687
-4.152637,21,54.638089
-9.238286,21,54.70331
-4.981539,18,54.75856
-4.376451,19,54.817219
-4.028701,21,54.883753
-1.799706,23,54.956092
-11.005697,21,55.021198
-0.499684,17,55.074265
-8.901112,20,55.13796
-1.049144,15,55.182983
-6.786674,17,55.234952
-1.285164,14,55.276952
-1.46881,17,55.328385
-4.67818,16,55.376276
-5.552553,16,55.424037
-6.946343,18,55.477752
1.800427,18,55.531858
-5.63257,16,55.579888
-10.612795,14,55.621706
-7.926701,16,55.669848
0.380352,18,55.723997
-1.962545,19,55.780846
-4.534699,19,55.837581
-5.913122,17,55.888843
-6.342377,15,55.933949
-8.117438,19,55.990603
1.105419,17,56.041898
-1.649429,18,56.095972
9.003667,21,56.15945
2.605626,19,56.21732
-5.478302,20,56.277654
-16.214525,20,56.358063
-7.024898,16,56.418147
-0.582963,16,56.472342
-3.871177,24,56.545655
1.596519,17,56.597231
-5.83245,16,56.663611
-7.713456,22,56.766419
1.113422,21,56.842884
-1.085256,18,56.90219
-2.923797,30,56.999874
0.402065,20,57.064595
-6.111849,18,57.120744
3.660835,20,57.182457
7.538647,19,57.240714
-7.452849,26,57.320068
-8.428383,20,57.387573
-7.839725,18,57.4636
2.949655,27,57.555905
3.258832,21,57.62227
-1.460688,18,57.67891
-5.554543,17,57.733779
-7.244904,18,57.791718
-3.765251,13,57.833004
-4.608602,15,61.00006
-13.441123,20,61.096725
-0.205791,17,61.17359
-2.716057,17,61.237311
-4.62909,11,61.274312
1.168708,19,61.334186
5.886136,26,61.417367
8.440731,23,61.491372
-3.078794,22,61.561525
-1.146174,17,61.614694
-2.259853,20,61.678909
-0.894256,22,61.748568
-3.23003,18,61.805138
-1.938944,27,61.89116
-4.550401,18,61.947699
-4.125318,17,62.002605
-6.504467,13,62.043257
-1.070833,14,62.086926
-4.668782,16,62.136888
-3.39405,19,62.196059
-2.561659,17,62.248977
0.54981,12,62.286336
-4.939408,17,62.339267
-0.901897,16,62.389098
0.303087,18,62.445192
5.618087,18,62.501818
3.237886,18,62.559408
-6.566831,16,62.610998
-16.767921,27,62.696562
-8.798702,17,62.749128
-4.20653,17,62.802159
1.358436,23,62.873356
-1.799351,24,62.948417
0.106392,24,63.023622
-16.719585,38,63.146104
-3.534007,22,63.215172
-4.172628,15,63.26193
-0.11121,15,63.308835
0.102312,16,63.358673
-7.684583,21,63.422409
-5.826315,14,63.464687
-7.06514,14,63.506943
-5.617833,18,63.561845
2.626139,18,63.616943
-2.652067,16,63.665808
3.148149,21,63.72997
-4.737819,18,63.784865
-3.366987,17,63.837037
-1.867534,18,63.893344
2.271029,18,63.949706
3.613073,13,63.990593
1.600501,18,64.047069
2.773216,17,64.099321
-12.297922,19,64.157398
-4.004876,13,64.197178
-3.797776,18,64.253503
0.502833,19,64.311771
-3.588916,17,64.363969
-2.576334,18,64.419209
-1.656729,17,64.471515
-3.366193,17,64.523795
0.70747,18,64.579327
2.134586,16,64.628629
5.279354,28,64.714748
-5.734504,22,64.781785
0.804391,18,64.837562
-7.126189,17,64.889888
-8.344203,18,64.945159
-1.62608,17,64.99732
-3.395504,18,65.052623
-0.826262,17,65.10468
-6.278551,18,65.160172
-3.505484,14,65.203281
-2.015535,18,65.259394
1.738872,17,65.311782
-8.858604,16,65.360635
0.246419,23,65.431263
4.661382,22,65.499012
-13.350376,19,65.557641
0.47487,20,65.618696
-5.46409,27,65.701777
5.740905,24,65.775203
-1.282527,18,65.832317
-1.088643,25,65.913649
-3.602864,19,65.972163
-0.64201,17,66.025399
2.687109,19,66.085407
-4.794885,18,66.141635
2.026908,19,66.200754
-10.841091,16,66.250689
1.655022,19,66.309885
-0.682303,20,66.372258
-7.34698,15,66.418958
4.386624,23,66.491213
-11.050813,17,66.54476
-1.785261,17,66.597784
-3.580835,18,66.653856
1.524519,19,66.713006
5.500714,19,66.772599
-4.077185,23,66.844672
-5.605781,21,66.91062
5.119838,29,67.008079
-1.939492,22,67.079123
-8.958487,16,67.128565
-2.235169,18,67.183766
0.133208,18,67.239111
2.34553,30,67.330856
-5.373093,27,67.413201
-2.159874,18,70.514671
1.390093,21,70.579295
3.561377,27,70.661821
-0.327407,20,70.723137
-0.21864,24,70.796581
-2.387904,18,70.852022
0.360718,14,70.895099
10.594036,34,70.99941
-6.206201,19,71.057644
-1.623779,18,71.112477
2.853642,22,71.179185
9.160557,28,71.265722
-3.248335,16,71.314636
-8.818852,18,71.369549
-3.043809,18,71.424577
2.478227,33,71.525926
3.659551,25,71.602569
-11.852672,21,71.666662
-14.779411,17,71.718549
-0.541013,18,71.773732
2.604426,20,71.835203
1.570569,20,71.896457
0.861038,18,71.951845
-13.127232,16,72.000896
0.801677,19,72.059277
-2.056769,17,72.111284
0.030587,19,72.169811
11.062614,28,72.255904
-4.386753,17,72.308039
1.853585,18,72.36318
-2.886566,19,72.421776
-5.907465,21,72.48596
5.748868,22,72.553825
1.669762,20,72.615322
-9.264908,15,72.666567
7.826722,20,72.732836
-1.91526,20,72.795157
-7.082768,29,72.884672
-7.165435,19,72.943418
-4.027926,16,72.992909
-3.549512,17,73.045611
-11.430796,19,73.104131
-2.038607,18,73.160008
-8.217043,21,73.224744
-9.397554,25,73.337596
-0.853956,17,73.39641
0.797745,18,73.452821
-4.416326,17,73.505965
6.559451,19,73.565188
-2.911116,19,73.623841
1.701165,20,73.685611
-0.83707,18,73.740165
-5.937303,18,73.794592
-0.926163,21,73.857996
3.982737,26,73.936549
-5.385667,15,73.982329
1.104038,17,74.033823
-6.713602,31,74.127298
-5.680225,22,74.193615
-3.257866,12,74.230556
-9.324628,21,74.294741
-5.319918,17,74.346514
2.433195,32,74.443643
-5.61408,22,74.510515
1.811456,16,74.559167
-3.330952,18,74.613636
-4.050044,14,74.65643
-2.769415,20,74.717171
-0.557785,18,74.771785
-6.905503,27,74.853711
-4.404985,13,74.893238
-1.07177,19,74.951396
4.520808,24,75.024614
1.283638,18,75.080477
2.918983,18,75.136832
-9.290368,16,75.185852
-2.806079,17,75.237588
-13.283117,26,75.316549
-2.202633,30,75.407704
-2.006535,17,75.459003
-0.836599,23,75.528871
1.15242,26,75.607936
0.50073,19,75.665678
-0.779081,18,75.720434
1.628587,25,75.796334
-1.628974,15,75.84207
-2.341591,18,75.896998
-0.181844,21,75.961088
-10.308196,28,76.046303
1.612665,19,76.10376
2.16031,18,76.158578
-2.021956,18,76.213709
-0.67656,19,76.271617
3.468546,20,76.332678
-7.672283,17,76.384081
0.459846,19,76.441999
-3.58237,16,76.490734
2.658223,19,76.548985
-1.860844,18,76.603778
2.172416,22,76.67073
4.381094,23,76.740576
-5.981627,17,79.85686
-0.271064,18,79.912857
-2.93416,20,79.974114
-3.616186,25,80.050774
2.922765,32,80.148028
2.824984,18,80.202935
2.542077,18,80.258238
-2.78564,22,80.325613
-2.315229,19,80.38345
3.689567,18,80.438364
4.743818,20,80.499704
-1.721648,19,80.557964
1.234072,16,80.606801
0.700262,19,80.664851
4.858645,27,80.746915
2.107604,20,80.808306
-0.625533,19,80.866551
4.126068,19,80.924714
0.816802,20,80.985868
-2.412301,23,81.055763
-4.536174,18,81.110547
-0.445926,24,81.183675
2.79056,18,81.23881
-4.230213,18,81.293731
-3.631879,19,81.351599
-2.722998,19,81.409719
-3.428976,24,81.482727
1.696133,20,81.544083
5.267227,22,81.611475
0.018907,18,81.666385
4.499108,18,81.721197
-4.592871,19,81.778969
3.832997,29,81.867549
-3.017249,23,81.937665
5.135574,23,82.008093
1.313012,16,82.056968
-5.267484,15,82.102579
-0.421494,18,82.157196
-2.681099,23,82.227527
-12.237719,18,82.282367
9.560932,37,82.395008
-8.497866,19,82.45281
-4.12985,17,82.504551
-2.299078,19,82.562892
3.471892,20,82.624024
-3.753852,18,82.679042
-0.864698,26,82.758301
0.467215,19,82.816771
-3.849057,17,82.868694
1.55088,20,82.929908
-3.868232,18,82.984843
-7.186324,20,83.045974
2.495523,15,83.092054
5.223552,27,83.17413
-5.060712,17,83.226026
-6.092376,19,83.283862
-6.039713,19,83.341749
2.41835,18,83.396984
0.332293,16,83.445839
2.808388,22,83.513054
-2.218655,24,83.58562
-5.839594,22,83.652831
-1.171192,21,83.716661
6.744159,22,83.78404
3.835612,21,83.848492
2.876912,18,83.903495
3.58175,20,83.96508
-1.732613,16,84.013615
-7.071306,21,84.07733
5.541099,21,84.141302
-4.181516,20,84.202185
-0.417201,18,84.257321
-1.098345,18,84.312567
2.50819,18,84.367702
3.548774,20,84.429001
3.633162,26,84.508642
0.438703,23,84.579051
-6.394543,18,84.63395
-1.452386,18,84.688629
-4.032739,27,84.771141
1.446859,15,84.816977
-3.264557,18,84.871557
0.14039,24,84.944843
4.392319,21,85.008879
0.75708,18,85.064075
-0.874069,18,85.11963
-1.855979,16,85.168468
-4.982277,17,85.220243
-6.293405,21,85.284168
0.266807,19,85.342274
0.801167,22,85.409523
2.386375,21,85.473692
-3.870897,14,85.516314
5.080765,30,85.607632
-1.591789,19,85.665854
0.004521,25,85.74203
2.090774,18,85.797239
3.491835,29,85.885971
-1.976537,15,85.931792
-1.773265,21,85.995523
2.235424,22,86.062243
-3.491894,14,86.104469
-2.450418,23,89.246605
14.49515,33,89.34811
-3.581572,18,89.403006
-5.421994,15,89.449351
-0.520712,21,89.513502
-1.14868,19,89.571609
5.743238,22,89.638776
10.369649,32,89.736262
3.626959,21,89.800625
-1.89197,15,89.84646
-2.356166,20,89.907349
0.905795,13,89.946922
3.200975,20,90.008204
-0.079813,12,90.045181
12.070469,41,90.170985
9.71633,25,90.251122
-12.041497,23,90.322062
-4.728021,21,90.386173
-6.940579,18,90.441565
4.062866,32,90.539374
-4.533984,23,90.609862
0.35628,32,90.707108
0.247928,23,90.777444
-7.772167,12,90.814441
0.159745,20,90.875765
-3.015953,15,90.921574
-0.635058,27,91.003727
-0.638505,12,91.040392
4.962702,21,91.104737
1.727836,29,91.192811
5.749961,20,91.25415
0.731379,18,91.309327
14.865165,40,91.431418
11.440719,27,91.514097
-4.246453,19,91.571756
3.03667,21,91.635472
4.258089,22,91.702343
0.226223,16,91.751053
3.536401,23,91.821437
-0.083303,11,91.85509
3.038799,30,91.94705
-2.007659,17,91.998728
-2.12955,33,92.099449
-3.255432,34,92.202272
4.3344,30,92.293406
0.09587,18,92.348645
-1.564863,11,92.382287
12.500243,28,92.467672
-5.900176,30,92.55887
4.793401,19,92.616823
-8.100119,19,92.674488
-4.579848,13,92.714608
-0.152523,12,92.75121
3.671238,22,92.818505
10.191597,33,92.919019
17.397162,37,93.032267
-0.139996,21,93.096644
-0.596146,18,93.151528
-0.260806,18,93.206455
3.256315,25,93.283177
11.288952,33,93.385037
3.804068,23,93.455419
2.703915,22,93.522552
3.293634,19,93.580918
3.331354,20,93.641956
1.244787,20,93.703025
0.578705,21,93.767083
0.008411,28,93.852507
1.934099,17,93.90449
-4.821932,21,93.968836
-3.066893,36,94.078179
-2.285294,23,94.147907
-2.554178,23,94.217987
3.758858,36,94.327726
7.628958,24,94.401229
3.241227,20,94.462495
3.46819,31,94.556695
-1.21534,20,94.616814
1.97946,19,94.674619
5.148783,23,94.744337
10.710519,25,94.820689
-6.554731,17,94.872494
16.673967,35,94.979364
-3.702104,18,95.034024
-4.461569,18,95.089147
-1.029105,18,95.144224
14.553987,23,95.214759
-3.460748,18,95.269654
3.434499,26,95.34891
-8.117726,22,95.415989
-1.45109,13,98.583264
2.244194,28,98.669911
5.359855,29,98.760685
7.697015,27,98.845695
23.657531,34,98.949365
3.766941,22,99.016229
-3.079737,19,99.074155
1.153304,24,99.147101
3.322673,23,99.217247
0.531387,34,99.32015
-6.914605,20,99.380409
-2.475366,19,99.437721
1.366897,19,99.495386
6.630719,20,99.555982
17.79253,52,99.714018
0.171202,19,99.771843
9.535695,37,99.884037
-1.964614,19,99.941428
0.605538,24,100.014087
-0.32354,13,100.053667
-0.527919,15,100.099033
1.799334,20,100.15968
0.890411,36,100.269593
-3.322443,19,100.327529
-1.311431,17,100.379566
-0.705081,24,100.452592
-6.639027,24,100.525575
0.838119,20,100.586863
2.778117,22,100.654195
11.190196,25,100.730745
6.337506,25,100.806942
2.879613,27,100.888643
-2.271376,20,100.949449
-1.259585,17,101.001191
0.568637,25,101.076975
0.70032,20,101.137693
-3.17357,16,101.186096
11.562201,31,101.28033
11.909895,23,101.350737
5.737962,25,101.427107
-2.972415,28,101.512447
4.193313,18,101.568288
4.811775,30,101.659714
1.968397,18,101.714712
4.673029,30,101.806135
6.765785,22,101.875698
-2.231391,23,101.948261
13.155545,27,102.034149
0.323512,23,102.105725
1.617664,19,102.164222
6.119078,26,102.244677
13.809556,37,102.358987
3.24362,19,102.417261
4.490588,28,102.503609
-2.199324,17,102.556192
6.04793,20,102.618132
-6.66267,18,102.673352
1.926813,18,102.728772
5.173197,24,102.802403
-2.623593,22,102.869514
8.013854,24,102.94344
5.551044,27,103.026007
-0.537945,20,103.087427
-1.333549,19,103.145808
-6.520442,18,103.200736
-0.700074,25,103.277345
4.200218,30,103.369241
-4.115453,22,103.436356
-2.429548,21,103.500133
7.312712,26,103.577923
11.656069,31,103.671164
-3.870601,23,103.740777
4.542492,19,103.798873
4.93237,21,103.863515
-4.873532,20,103.924637
6.148159,20,103.986255
1.749125,25,104.063102
10.372563,41,104.188361
1.868452,22,104.256172
3.001455,28,104.341929
5.441064,23,104.412456
7.722218,23,104.483374
-1.078286,20,104.54489
23.405687,30,104.637622
-4.813537,26,104.717577
6.84864,17,104.769835
-8.458424,19,104.82851
1.530561,20,108.008826
3.466419,21,108.073427
-6.652067,18,108.128592
15.373697,57,108.303265
8.647812,23,108.375285
-6.617581,18,108.430761
5.918023,23,108.50149
2.333414,20,108.563355
1.947851,19,108.622268
-1.77099,24,108.696279
7.169772,23,108.767056
8.23765,33,108.868131
1.820449,34,108.9724
2.327195,23,109.042525
3.090563,20,109.104211
17.251056,31,109.199672
2.18618,15,109.245915
-3.125158,21,109.310491
-2.002096,27,109.392993
5.128155,26,109.473176
-1.58238,35,109.580492
5.115954,22,109.648095
-2.981412,21,109.712666
14.407613,26,109.792843
-5.582312,18,109.848249
-0.403195,19,109.906063
1.601317,19,109.964147
6.523474,24,110.037621
-2.533765,30,110.129798
-1.588387,21,110.194128
-5.304482,31,110.2897
1.847309,19,110.347676
2.845526,18,110.402996
1.416846,26,110.482675
11.752181,25,110.559658
6.955684,20,110.621383
0.866957,20,110.682999
3.168867,43,110.814968
1.111091,15,110.860862
2.723772,23,110.930595
-3.122278,19,110.989166
-4.064462,18,111.044433
1.607713,21,111.109412
2.093751,26,111.189298
5.848307,19,111.247673
6.520221,19,111.306228
6.598436,26,111.386508
-8.077572,20,111.447917
0.904049,18,111.502974
-0.340603,28,111.588641
23.031308,40,111.711619
13.922906,28,111.797549
12.609595,31,111.893058
-5.137686,22,111.960423
17.749226,35,112.068266
-4.186592,19,112.126299
1.328155,18,112.181218
-5.775404,14,112.224197
2.247981,19,112.282717
10.577129,24,112.356782
5.21412,23,112.427171
-6.795217,19,112.485228
0.010301,27,112.569107
17.902799,36,112.679738
7.773368,33,112.781324
-5.778044,17,112.833652
-0.249612,20,112.895538
6.679421,29,112.984529
-1.319632,19,113.043093
3.158244,20,113.104795
-1.22346,18,113.159715
-1.360817,20,113.221106
1.399562,38,113.336828
-4.779943,28,113.424984
4.34525,27,113.507318
7.892295,30,113.598673
5.664589,20,113.660038
11.185516,29,113.762411
3.090673,20,113.827673
-7.193783,21,113.919023
-1.862686,19,114.017064
-1.398218,28,114.125317
8.208695,31,114.22354
4.837573,36,114.334647
3.577193,23,117.521011
3.550615,24,117.601109
16.198296,49,117.758968
12.429066,36,117.875745
0.269993,22,117.946436
3.052718,18,118.004689
7.234201,26,118.088315
6.856038,20,118.151295
19.817657,37,118.267087
-1.171522,14,118.310929
-1.345168,25,118.389311
8.258104,33,118.49342
-0.360604,20,118.556355
13.732197,36,118.668535
3.812314,34,118.774937
1.327732,18,118.831297
3.575321,19,118.891223
-1.536404,17,118.944217
12.304448,23,119.015971
7.751777,38,119.134526
10.314491,25,119.212605
-1.897975,22,119.280782
4.783566,20,119.342672
-0.420944,19,119.401361
0.425104,19,119.46017
3.953792,19,119.519214
8.346502,40,119.64346
9.9933,35,119.752872
3.198012,21,119.818202
4.76978,28,119.905187
0.763483,15,119.952008
18.726558,30,120.045785
6.565402,28,120.133382
-3.583633,13,120.173916
11.488558,55,120.343897
4.317133,18,120.398852
-3.345917,16,120.448432
16.817892,32,120.546041
-3.089328,26,120.627727
6.398325,32,120.727417
26.466165,40,120.851284
-7.588369,21,120.915409
5.670499,21,120.980474
4.307299,20,121.043792
4.68327,27,121.130352
0.060424,29,121.221967
4.395278,19,121.281449
8.027729,30,121.395255
-6.234085,22,121.507987
-0.014602,31,121.622444
18.084043,30,121.719947
5.965694,29,121.813719
25.004217,35,121.92543
4.944554,23,122.030944
-1.734587,19,122.105545
5.797515,27,122.196067
2.801142,26,122.281952
3.300383,20,122.346167
5.017375,19,122.406069
2.590188,19,122.467034
3.328549,34,122.572408
3.365861,18,122.627357
-3.420464,16,122.676134
1.23575,31,122.771405
11.507791,32,122.86957
1.389387,26,122.949024
4.026983,34,123.052859
6.5469,32,123.150331
5.620768,23,123.220447
-4.187866,18,123.275308
-1.231536,18,123.330271
4.195569,39,123.449035
9.418681,29,123.538088
-2.383334,16,123.58729
3.124249,24,123.660865
-1.148448,31,123.8268
-2.588273,12,123.874526
3.340574,22,123.951029
5.010176,20,124.015653
2.43554,20,124.081344
9.536604,24,127.337773
13.891923,32,127.441115
3.995002,18,127.50174
6.258831,24,127.580578
1.58885,33,127.688459
5.685161,23,127.76223
8.165144,29,127.857986
5.067607,29,127.953664
2.342212,19,128.013845
5.596009,19,128.074862
7.22607,26,128.157031
18.279102,27,128.243768
3.020751,24,128.320817
-3.2564,19,128.38098
8.218517,23,128.456275
5.626707,22,128.526331
2.837637,28,128.616878
30.419874,45,128.761956
2.452726,19,128.821818
8.610004,31,128.919866
0.595798,33,129.023403
2.731499,23,129.096004
-7.402599,18,129.152713
7.41001,32,129.253729
21.231493,48,129.406054
21.396973,39,129.529988
8.792613,31,129.625406
4.378493,27,129.708287
16.236668,36,129.818718
9.435319,24,129.892211
11.13585,22,129.960243
4.616594,35,130.066846
5.719181,24,130.1408
2.707408,22,130.208033
-0.133624,19,130.267068
8.723118,22,130.33504
7.461666,23,130.406042
18.104308,44,130.541802
0.924275,31,130.637435
13.999631,41,130.763133
3.290066,18,130.818463
13.102909,35,130.92566
16.63629,33,131.026806
6.982694,22,131.094814
3.839401,24,131.168166
3.738027,21,131.232799
6.089765,20,131.293908
11.818667,36,131.404531
5.58191,22,131.472083
22.894861,36,131.583097
11.310014,24,131.65647
-1.815516,22,131.72415
19.480865,62,131.914774
9.804407,26,131.99482
13.527039,40,132.117687
10.567837,29,132.206499
-1.217229,26,132.28621
17.640185,31,132.381821
25.542689,33,132.483345
21.377443,29,132.572573
8.707062,22,132.640287
9.796871,34,132.745253
5.015097,25,132.823397
8.175221,23,132.894777
-1.043595,19,132.95461
3.126237,24,133.027932
-0.05156,29,133.121446
11.130944,44,133.291904
17.571459,35,133.401964
16.295636,29,133.493182
0.551823,31,133.590442
11.820594,44,136.920774
1.012418,38,137.046053
20.290158,29,137.142988
14.25743,25,137.223709
10.038796,41,137.354839
5.188962,26,137.436229
25.480741,31,137.533474
7.897146,30,137.627735
6.446915,24,137.702997
7.943523,25,137.780659
3.00433,23,137.852998
14.952675,73,138.080123
20.500339,36,138.192171
18.320416,29,138.288211
1.632689,19,138.348892
11.573087,23,138.41936
-4.900122,19,138.477666
23.474402,35,138.59505
2.902811,17,138.648798
7.725246,30,138.740751
9.012516,24,138.815175
9.527484,29,138.90395
17.101258,38,139.019456
8.071752,37,139.131426
9.580086,30,139.223077
1.136515,37,139.338893
25.852015,43,139.473608
8.320585,20,139.53605
0.062408,23,139.606222
8.751854,29,139.69428
5.311895,21,139.75823
-2.117352,31,139.852265
0.708502,27,139.935579
4.57424,30,140.027466
2.040148,22,140.094657
5.051872,23,140.16441
7.739496,23,140.234274
16.161189,37,140.346868
16.292715,27,140.429828
5.519198,21,140.550298
5.865471,39,140.70186
23.816619,32,140.804709
11.867409,23,140.878052
29.536091,40,141.003798
5.102162,38,141.124988
8.217324,42,141.285132
9.744427,22,141.354578
17.303243,32,141.454393
7.328687,39,141.610468
27.546968,38,141.755033
23.998508,34,141.865017
3.778654,31,141.98154
27.543501,53,142.20528
6.332536,19,142.265503
8.841462,19,142.32702
6.759368,21,142.393536
4.051247,25,142.474626
7.071386,20,142.539396
24.676058,43,142.679432
8.770372,25,142.759743
4.005067,26,142.843006
16.235275,38,142.992342
16.502978,26,143.084781
2.28215,19,143.146358
-6.987483,15,143.193624
4.670768,21,143.260116
-0.308587,19,143.319498
26.978108,33,143.425213
4.156766,29,143.516191
16.046601,41,143.64356
4.365764,20,146.909571
16.126061,34,147.06277
6.689632,28,147.161195
7.208128,20,147.224063
14.504379,23,147.296417
11.692571,29,147.388083
8.887936,29,147.479546
4.874238,35,147.592379
7.782772,32,147.694637
22.603027,35,147.807336
4.420455,24,147.885551
4.434752,26,147.969142
6.397392,20,148.032126
17.210609,31,148.129564
0.80757,31,148.226997
3.085606,31,148.324503
9.368961,24,148.399499
0.801228,24,148.474608
14.795308,26,148.556281
33.056339,41,148.688515
7.419124,19,148.749551
13.105944,28,148.838112
18.620902,32,148.941107
11.418728,30,149.037008
32.091369,41,149.166678
6.580277,23,149.238614
7.03971,33,149.342445
3.286165,27,149.427189
2.874783,19,149.487072
4.324296,29,149.577922
7.612318,24,149.653398
1.724719,19,149.712976
22.914551,38,149.833492
18.39808,32,149.936738
23.77457,44,150.077492
12.153699,26,150.159005
33.134247,46,150.304882
6.301113,40,150.42807
21.795986,41,150.584322
15.444969,25,150.697908
3.447131,30,150.799636
20.199239,37,150.914831
3.331513,22,150.983603
7.439312,21,151.048926
38.005505,62,151.242369
11.662295,21,151.307888
13.943049,24,151.382942
16.415695,34,151.488715
25.266265,38,151.607167
5.524141,20,151.669643
11.498756,30,151.763177
24.87426,47,151.910231
11.095359,26,151.991403
5.312748,23,152.063281
29.442504,43,152.200526
2.204766,28,152.288662
24.900947,52,152.453517
6.816047,25,152.531832
5.219965,28,152.621218
3.969025,23,152.694457
5.742877,21,152.762683
24.891807,47,152.910813
14.856182,39,153.033794
19.316529,37,153.150251
0.391055,12,153.187614
10.711978,22,153.25702
24.253776,31,153.354553
6.112073,22,153.423714
21.815262,42,156.761557
34.940556,53,156.952621
0.155187,21,157.041894
4.874223,26,157.131981
17.507143,28,157.221493
16.18357,28,157.310123
27.163345,38,157.430799
32.119516,52,157.595664
11.29226,23,157.668229
19.465623,33,157.772894
21.973444,31,157.870009
2.748203,32,157.969403
3.123113,19,158.029022
26.819184,78,158.277113
5.608738,27,158.359166
7.030087,28,158.444281
14.826715,25,158.520098
13.203735,25,158.59642
13.76892,42,158.723841
7.82178,22,158.790722
12.244727,43,158.921578
12.960155,27,159.003758
15.031957,51,159.158462
5.864986,32,159.255965
16.896525,35,159.401131
34.629993,54,159.594353
-0.888932,29,159.682305
12.647149,25,159.758535
8.409303,37,159.872191
18.942112,37,160.034254
9.263694,22,160.111794
5.658672,32,160.212999
5.132753,32,160.315476
20.176394,37,160.435319
24.745876,39,160.560257
6.78624,24,160.63813
12.592745,43,160.77564
6.752113,31,160.876049
16.300316,25,160.957311
5.44188,24,161.033345
14.142971,25,161.112191
5.999578,23,161.184895
11.467616,38,161.30402
11.592274,23,161.376597
20.86857,35,161.486622
35.98529,46,161.632805
26.275225,34,161.740548
11.863817,22,161.810389
37.293357,47,161.96314
11.643264,26,162.048265
9.658374,23,162.120861
21.083161,31,162.218262
16.666802,34,162.325581
16.960088,29,162.416983
19.122822,27,162.503653
10.992367,26,162.585922
27.996185,43,162.72169
10.486808,29,162.813622
18.879541,32,162.91485
12.128551,23,162.987492
23.232462,53,163.155246
1.330119,21,163.222728
30.083621,53,166.623067
23.491283,36,166.743441
19.683863,28,166.831934
42.973552,67,167.043823
16.765788,26,167.124948
6.962409,35,167.233373
7.858845,31,167.329761
22.710301,40,167.453815
41.576304,56,167.63187
6.73175,25,167.712403
8.632929,25,167.791425
11.40637,25,167.872036
4.473196,23,167.950617
14.924343,37,168.066611
15.478947,78,168.306063
13.388386,25,168.383515
38.323318,59,168.566961
14.738439,33,168.668447
6.562705,28,168.754471
19.176632,36,168.864352
27.936405,38,168.980846
8.354835,24,169.054443
4.780592,19,169.112649
10.89684,53,169.273779
16.868106,27,169.356843
20.152623,41,169.481797
9.03599,25,169.594646
20.277812,36,169.754769
11.109993,24,169.885944
6.535587,26,169.982083
34.0168,51,170.146286
16.189191,27,170.232453
3.997655,21,170.298054
9.129008,24,170.373925
4.334871,38,170.495101
25.717245,68,170.70847
8.654645,27,170.794106
10.363535,24,170.870644
5.84219,24,170.946232
34.597136,44,171.079997
40.995259,60,171.311471
10.974235,23,171.400111
5.840649,19,171.474657
15.269137,35,171.65003
20.319788,54,171.824532
12.61904,50,171.98514
5.785913,40,172.110262
9.860623,29,172.200461
10.746231,25,172.278428
-0.472164,20,172.340963
12.954381,35,172.449752
27.027095,46,172.593527
24.640624,35,172.705175
39.410682,46,172.849304
11.14962,29,172.942225
25.021501,43,173.079929
4.428332,22,173.166044
16.611392,50,176.536034
21.53379,36,176.655163
13.139402,43,176.786571
43.171056,80,177.031363
18.864716,24,177.105246
31.32918,47,177.253402
5.576358,22,177.323981
34.822249,50,177.48224
10.225958,44,177.619462
20.216318,46,177.76324
9.957036,32,177.865134
12.251953,24,177.942001
15.593763,25,178.022153
26.122637,42,178.156602
36.596625,43,178.29228
34.444138,62,178.488065
29.605658,43,178.623999
18.238842,39,178.744123
16.269648,27,178.828614
14.238753,30,178.923237
15.131257,38,179.043061
35.833044,51,179.204407
14.288152,25,179.282332
22.82673,34,179.388312
15.235529,33,179.492412
25.694673,40,179.617629
14.375609,54,179.785232
12.866296,45,179.926565
36.529007,53,180.09309
39.424062,72,180.314424
24.66169,39,180.435924
24.297104,47,180.583145
29.299231,44,180.725288
34.104572,49,180.881362
27.891822,45,181.026527
17.824438,26,181.109088
3.29818,21,181.173205
6.368399,39,181.292029
27.931866,47,181.43477
23.438813,31,181.529629
14.392856,46,181.670123
22.162399,37,181.782757
21.078254,42,181.910689
10.151468,34,182.013525
21.460981,36,182.122267
41.310133,49,182.270741
14.576241,25,182.346921
35.641665,58,182.524163
29.009293,45,182.660521
29.917936,54,182.827082
13.670117,24,186.233524
15.409573,46,186.397914
17.282395,29,186.490201
9.738315,25,186.570162
19.257759,29,186.661412
14.146041,27,186.745206
26.276193,38,186.865256
40.978588,57,187.039499
-0.229954,34,187.143386
15.737666,25,187.220286
17.367952,25,187.296088
15.766169,46,187.434745
8.800648,32,187.531259
37.474783,43,187.661603
15.23638,32,187.758077
23.387257,35,187.86468
23.654419,38,187.98004
39.968884,61,188.19822
16.749977,64,188.404162
45.622499,58,188.591656
13.368767,33,188.696064
38.266403,52,188.858815
14.438427,27,188.942905
17.262573,45,189.081046
19.579982,76,189.314669
30.480132,39,189.434864
44.836547,78,189.67397
23.121325,64,189.86939
21.371865,27,189.95262
25.038986,35,190.060629
21.981296,32,190.158727
38.657925,46,190.299504
22.43521,51,190.455796
36.226254,44,190.589838
40.225525,55,190.756837
31.190654,40,190.878885
31.30366,39,190.99804
18.802264,29,191.086397
47.555829,64,191.28128
27.045474,42,191.410154
40.251911,49,191.560813
37.80453,51,191.717396
12.034573,33,191.818203
35.40418,91,192.096808
16.751508,37,192.210036
-1.488948,20,192.271541
25.597504,37,192.385209
13.606023,27,192.467684
19.57096,31,195.825902
11.134499,22,195.893325
32.38434,38,196.010268
14.639344,47,196.154038
19.785425,36,196.264844
23.262334,30,196.358254
34.885146,49,196.508727
30.396767,39,196.629249
15.397692,25,196.70615
2.359352,20,196.767441
50.077992,61,196.954668
30.79088,49,197.105031
41.778665,80,197.349586
25.959201,41,197.474968
18.881119,43,197.606925
28.19906,41,197.732256
6.564619,22,197.799622
8.222881,24,197.873704
33.101916,82,198.124692
50.944011,78,198.362882
9.622743,35,198.469533
28.906572,43,198.601508
29.614416,38,198.717861
38.032126,57,198.892114
31.262023,39,199.011308
24.085456,31,199.106684
26.582638,30,199.198729
36.376552,53,199.361885
1.928729,25,199.438149
26.54277,32,199.53666
19.685388,39,199.656436
32.817842,46,199.797251
44.005091,67,200.080506
37.800888,43,200.21416
30.871513,49,200.368219
33.36723,47,200.515637
39.469376,51,200.678167
32.64072,42,200.810806
28.014018,42,200.942445
23.61373,31,201.040124
19.429456,29,201.131183
36.057614,51,201.289335
15.464913,25,201.366156
31.623484,88,201.63297
16.200811,31,201.72841
21.931602,32,201.827202
28.264839,41,201.954403
15.327088,29,202.042225
15.100149,46,205.464456
27.735572,40,205.590092
29.441493,36,205.702621
45.328039,59,205.890435
9.900401,30,205.984881
11.94919,25,206.063221
23.001917,35,206.173626
33.538842,36,206.287498
28.255837,41,206.416956
29.547344,41,206.546105
42.460481,51,206.708436
31.976932,36,206.82353
43.329367,75,207.060236
31.420621,44,207.196697
4.513715,22,207.26618
30.242778,43,207.401431
38.998608,53,207.563973
43.608087,57,207.742872
21.826724,36,207.856732
16.024291,29,207.945573
20.964709,33,208.049855
25.168395,35,208.161695
10.885815,35,208.273012
39.369493,50,208.430202
31.820493,38,208.5484
42.825139,72,208.775902
30.080669,39,208.899359
27.390961,49,209.053626
22.516104,31,209.150394
9.597457,23,209.220997
21.799543,41,209.345471
23.304105,61,209.529775
12.952204,35,209.636826
35.617185,44,209.774025
21.22649,28,209.863219
57.759077,79,210.111898
31.889188,37,210.224232
15.229137,42,210.351194
15.412256,34,210.45708
30.516785,41,210.588994
24.44432,30,210.683365
8.048358,35,210.794496
25.576101,44,210.932096
40.681384,66,211.140625
33.941632,42,211.275296
24.459553,35,211.385274
39.136511,62,211.578969
32.456316,53,211.743991
19.679539,45,215.171556
18.608731,35,215.284744
22.496813,32,215.384725
4.217015,24,215.458381
22.135693,35,215.566103
32.997334,40,215.692817
21.185798,28,215.780716
38.537449,53,215.945803
36.240268,55,216.116868
41.099702,56,216.292152
25.772416,30,216.386381
15.450729,27,216.473124
34.962063,99,216.786541
35.610608,53,216.954854
32.916157,41,217.085711
27.365432,30,217.182524
34.633098,54,217.348447
32.724598,39,217.467542
21.484938,28,217.553187
29.504977,40,217.675256
12.180626,56,217.846068
24.521483,31,217.941589
41.382527,57,218.115546
27.789144,37,218.228677
36.013916,49,218.378797
19.972835,29,218.467418
22.129083,39,218.586433
36.93303,46,218.727349
40.7743,66,218.927333
24.978647,32,219.024394
40.401096,56,219.19432
30.336301,37,219.30737
19.228515,45,219.443843
47.352863,102,219.755763
16.953549,35,219.862914
23.271586,30,219.954887
23.797643,35,220.062125
43.246268,65,220.260735
38.24913,51,220.416615
21.24636,44,220.550944
44.410579,65,220.75009
43.948763,86,221.01267
42.861556,54,221.177821
9.504686,35,221.28425
26.856265,40,221.406496
26.162651,50,224.832903
26.282692,37,224.948349
38.836687,41,225.074243
9.53471,37,225.188374
25.09372,33,225.290247
35.352914,47,225.434337
43.743607,62,225.624325
25.829732,67,225.828408
21.054238,31,225.923338
51.36366,66,226.125937
25.639692,35,226.233323
32.696637,46,226.374032
27.006957,52,226.531848
47.864901,63,226.724127
35.253191,41,226.850052
40.638216,48,226.997635
49.718715,56,227.169192
12.946797,28,227.254942
34.854542,50,227.407919
29.871568,38,227.52429
42.248342,57,227.698869
29.92229,33,227.800438
50.528965,72,228.020381
45.496572,62,228.20962
54.55249,74,228.436
40.341943,53,228.598081
48.865345,73,228.821881
34.695219,56,228.993327
35.373062,45,229.131477
37.494056,47,229.275749
19.194213,31,229.37047
29.37529,50,229.522807
21.744433,29,229.611661
38.36938,47,229.75584
63.083199,130,230.153262
9.118405,36,230.263147
15.048719,72,230.482632
35.278231,39,230.602231
21.313664,31,230.697071
29.352512,39,230.816394
24.674082,31,230.911283
35.269288,53,234.371883
38.787452,41,234.49737
53.317274,71,234.713298
61.08388,102,235.02595
2.70043,35,235.13472
34.717485,75,235.364
35.866525,50,235.516892
28.833667,44,235.651228
47.661951,60,235.833946
30.398773,39,235.95342
50.607392,72,236.173997
41.107451,63,236.366751
17.334661,46,236.508172
52.916573,81,236.755982
41.704524,56,236.927122
38.148367,50,237.080864
47.682049,63,237.276661
28.315126,35,237.384925
15.86189,38,237.548295
33.227851,43,237.695951
38.388828,41,237.827011
6.975671,29,237.917836
35.742242,55,238.096375
54.531057,82,238.35667
17.466824,28,238.445338
46.332015,60,238.633977
42.185461,62,238.827685
24.050307,36,238.939498
43.695366,82,239.192594
30.458765,45,239.33108
66.768841,98,239.632352
39.036713,48,239.780756
49.279998,60,239.966198
44.516133,63,240.167533
40.911614,115,240.532661
46.334663,73,244.171071
42.982326,61,244.360705
24.66867,33,244.462406
44.763155,66,244.665677
21.161696,30,244.75822
44.021562,64,244.955144
8.943413,34,245.057749
42.460098,48,245.205804
49.318228,57,245.381009
37.244913,48,245.528962
42.834079,58,245.707278
44.440337,53,245.871014
29.499032,36,245.982315
46.546755,64,246.179006
49.021769,61,246.366618
30.366395,37,246.480845
22.18317,27,246.564177
29.829146,44,246.69979
35.513442,51,246.856668
46.757258,74,247.083846
44.540686,51,247.240822
29.783526,47,247.385439
25.466652,101,247.695529
35.296447,47,247.840062
34.451066,39,247.960579
29.243509,45,248.097932
51.225828,71,248.314985
23.082122,33,248.416888
31.802394,41,248.543075
47.073252,63,248.737404
38.86251,48,248.884925
50.313553,68,249.094411
19.930258,47,249.237913
34.069665,43,249.369941
34.998991,47,249.514401
37.198469,45,249.664037
46.043982,65,249.876155
37.485958,60,250.068831
38.375348,54,250.238688
39.864526,55,250.413056
44.412332,60,253.959151
51.9537,69,254.177378
38.663334,64,254.381212
28.446858,60,254.576198
46.929353,66,254.789078
29.70066,37,254.907721
32.008215,42,255.040927
52.911708,76,255.282059
42.445707,52,255.449512
26.438911,33,255.557552
44.325404,54,255.730175
38.52563,55,255.905558
45.806833,63,256.111962
39.717361,53,256.278455
50.185822,62,256.474371
46.706207,65,256.681145
48.381052,66,256.888055
33.295789,47,257.035445
60.346276,69,257.251505
40.656291,52,257.41164
38.183458,50,257.566978
52.68835,66,257.798635
60.578434,98,258.171445
50.023085,66,258.384408
43.968829,62,258.585199
40.957703,55,258.760654
60.655229,82,259.013624
32.31797,51,259.171101
42.008455,54,259.336599
35.287554,46,259.478348
23.225291,34,259.583111
34.992181,53,259.745685
34.953697,56,260.001894
45.867911,64,260.213168
50.416963,90,263.912893
51.876958,63,264.107954
32.133474,48,264.258174
52.493572,75,264.493918
49.106549,99,264.8051
42.967657,60,264.991304
65.020726,121,265.366194
43.785777,66,265.570437
44.50294,58,265.749834
53.232944,79,265.994813
45.87812,56,266.167818
54.090114,84,266.426622
31.328978,43,266.55959
41.71685,50,266.713706
36.049058,51,266.870993
15.429425,46,267.01288
1.84422,28,267.099014
40.414495,50,267.253394
38.165866,49,267.405
52.027272,68,267.614694
36.312671,45,267.753712
30.521812,51,267.911542
47.902176,76,268.145742
44.386189,86,268.410354
33.789158,46,268.552641
35.816091,49,268.704333
50.2081,73,268.929219
53.104554,80,269.176802
41.234938,52,269.33754
53.262875,74,269.566016
38.432295,55,269.736326
36.087848,87,270.004602
44.671244,61,270.193674
47.452448,70,273.810789
31.987394,39,273.932071
40.87618,47,274.078078
45.651348,63,274.273521
40.417778,55,274.444114
61.673812,111,274.787014
44.539841,56,274.961064
30.417347,45,275.100616
52.979917,72,275.323211
68.355628,94,275.614091
40.972493,48,275.761838
43.557906,57,275.937658
65.688211,85,276.200069
35.287473,59,276.381615
57.267077,82,276.634839
48.76743,76,276.870455
48.777677,52,277.032128
45.863704,61,277.221717
57.604243,68,277.432951
53.384316,66,277.637382
33.853013,43,277.770523
75.994547,147,278.225922
53.009912,73,278.452107
40.451137,47,278.5974
51.657501,66,278.801921
53.268898,77,279.040312
51.436815,61,279.229111
52.686226,67,279.43653
53.958406,87,279.704711
52.444006,73,279.930567
54.139361,72,283.628489
58.36559,77,283.865852
59.012398,88,284.138493
16.187249,46,284.280414
48.885282,64,284.477975
58.386831,78,284.718379
63.199442,87,284.986521
55.391248,83,285.242998
57.014453,75,285.474053
63.015598,83,285.731038
57.941899,81,285.980051
48.152752,65,286.178951
76.772209,156,286.66885
47.881749,64,286.865771
56.079313,80,287.111909
68.733723,91,287.393046
49.151937,70,287.608684
69.827935,113,287.955934
39.642136,48,288.104573
48.490253,62,288.295341
55.934258,69,288.507566
58.984808,89,288.782618
50.008462,70,288.998884
83.7989,148,289.455663
52.417245,65,289.656363
57.683805,88,293.487973
70.109245,94,293.77949
49.553896,64,293.978004
65.106432,110,294.318449
73.041036,108,294.654335
56.902499,73,294.880663
58.18445,88,295.153202
57.730345,73,295.37926
52.295748,68,295.589296
48.842032,64,295.789121
85.614156,150,296.254102
51.667243,67,296.460838
75.393074,110,296.801096
61.344648,84,297.060554
50.675252,68,297.271091
62.558368,84,297.530769
64.077368,89,297.805712
62.582682,109,298.142919
70.551771,108,298.476818
46.601076,64,298.674647
42.564489,54,298.841494
62.809349,80,299.089055
55.08285,81,299.339146
53.473771,72,299.56168
67.862848,110,303.467353
66.983339,99,303.772862
43.545266,62,303.965433
54.27919,75,304.198171
47.313538,83,304.454756
55.863092,70,304.671365
43.600157,67,304.879702
65.474538,96,305.177125
61.29155,92,305.460821
61.577314,89,305.736091
49.163409,59,305.918327
50.4366,72,306.140873
90.270179,133,306.551153
60.300313,83,306.8076
64.543009,89,307.082879
61.785759,88,307.356406
48.386727,66,307.56017
50.666837,72,307.782093
43.914632,56,307.956362
71.805336,102,308.271785
50.460348,77,308.508869
69.724007,88,308.781283
65.643084,98,309.084178
55.34397,80,309.331321
71.057719,101,313.185447
70.916446,103,313.506144
22.786513,67,313.713341
74.59468,92,313.997759
73.547271,111,314.341351
56.902119,72,314.564233
61.33468,94,314.855131
42.382833,55,315.026116
49.588878,71,315.244629
58.047058,81,315.549233
58.165362,79,315.795794
64.546833,87,316.063398
56.644724,75,316.297033
19.559235,43,316.43028
11.355551,36,316.543677
76.045452,124,316.923577
53.192319,81,317.184912
57.369505,106,317.512224
44.102372,66,317.721206
66.898284,91,318.003391
63.678027,98,318.30827
71.382947,94,318.650052
76.438637,94,318.961293
74.0583,100,319.3376
65.705156,100,319.662084
66.39139,94,323.58166
80.983324,122,323.974427
84.265433,120,324.356665
58.989358,97,324.655603
60.991644,87,324.92504
58.931768,75,325.154381
61.402658,105,325.47841
76.816168,117,325.83913
58.165374,79,326.082313
73.091983,109,326.418474
20.579247,42,326.547513
86.043143,136,326.984953
82.044189,126,327.369084
61.573218,85,327.6288
52.546081,72,327.849041
23.204123,48,327.995665
45.217381,62,328.186058
68.906856,93,328.491438
67.047142,91,328.771898
75.340761,111,329.114084
76.044501,117,329.475308
70.290264,95,333.406967
81.631645,112,333.754228
59.286626,79,333.999717
97.780863,144,334.447299
83.834067,127,334.840671
73.503284,104,335.162433
66.408702,91,335.44483
61.469307,86,335.710443
84.949521,122,336.086955
60.712337,88,336.359195
70.926768,104,336.682293
74.183292,114,337.035427
69.356699,101,337.348428
77.219066,111,337.692876
65.567151,93,337.981588
61.6589,90,338.261013
71.362568,100,338.57114
70.638055,98,338.874952
60.278192,86,339.1873
73.773108,122,339.573076
77.783477,119,343.635728
77.423633,110,343.977949
82.107114,131,344.387074
67.487512,99,344.698322
76.883902,108,345.033328
56.710363,77,345.270709
58.529637,90,345.548519
86.163459,129,345.946011
66.936548,92,346.230517
74.228016,114,346.583632
83.268029,118,346.952075
67.093491,87,347.221725
75.836786,112,347.566873
74.006335,110,347.906971
75.655255,119,348.274855
83.210247,132,348.683272
59.269611,83,348.940606
79.863306,117,349.303635
86.269134,134,349.718416
73.675898,115,353.816122
69.895257,100,354.125548
83.116594,124,354.50845
96.829119,143,354.949639
87.862404,133,355.360475
105.033535,159,355.852051
75.900407,113,356.204645
78.818558,112,356.568018
74.827927,104,356.902622
83.678352,133,357.311628
89.135205,140,357.740617
104.283699,159,358.230149
63.055244,84,358.487859
82.699422,126,358.914909
78.228861,113,359.260622
51.44216,73,359.483163
60.335384,84,359.736113
79.022443,119,363.884858
98.552418,149,364.359677
100.806449,163,364.877289
87.156601,141,365.369407
112.748569,180,365.927677
92.736511,137,366.349094
66.571408,98,366.650515
111.577609,183,367.220489
101.8921,159,367.729022
70.053066,107,368.073759
84.406965,128,368.572083
101.188646,159,369.085906
83.562879,117,369.458178
90.793711,142,369.911715
66.077425,100,370.245086
108.530809,169,374.826777
108.751057,161,375.328098
73.757245,101,375.638226
113.026952,183,376.199185
86.960341,133,376.6069
86.305083,133,377.014271
108.241035,168,377.529428
104.404092,149,377.98804
107.957466,172,378.571071
115.47542,189,379.239352
79.562563,118,379.68896
102.337643,171,380.23897
127.483152,192,380.833874
196.709382,335,386.054407
109.154977,181,386.674294
59.900203,86,386.947137
106.142166,169,387.598252
123.870201,201,388.275732
101.163992,153,388.764066
102.964219,172,389.292946
108.978157,170,389.816584
129.895055,207,390.540635
139.090873,231,391.286223
93.275217,146,391.751358
184.970392,314,397.139088
157.91838,264,397.952184
126.687613,207,398.618508
230.969102,387,399.830378
143.98153,242,400.587431
146.640872,243,401.339966
182.7696,318,402.322432
234.193854,423,408.628255
129.363326,220,409.318014
177.529419,294,410.233843
129.579347,213,410.889873
141.725063,236,411.617796
297.189196,526,413.259228
528.465504,1000,421.87057
329.067939,589,423.739471
219.571053,383,424.96469
529.640762,1000,435.286839
527.183948,1000,438.353771
538.278197,1000,450.408066
534.105895,1000,453.500534
532.486886,1000,466.98666
525.048089,1000,470.235363
530.225896,1000,482.329743
528.701308,1000,485.392203
519.62739,1000,497.012399
513.064044,1000,500.078866
533.56041,1000,511.642207
530.256419,1000,514.706147
528.309504,1000,527.755509
527.426141,1000,530.825758
540.016795,1000,542.729971
531.425477,1000,545.849578
529.635117,1000,557.884043
545.599388,1000,561.137634
550.110492,1000,574.069543
543.233712,1000,577.18895
551.647855,1000,594.065964
542.93377,1000,597.213737
540.43174,1000,610.794682
553.349788,1000,613.878151
203.395345,331,614.89472
556.965027,1000,626.38552
555.33949,1000,629.531586
562.571335,1000,641.393117
567.95443,951,644.490228
557.956128,929,656.228044
576.324872,1000,659.275071
577.55834,1000,675.35975
583.943,1000,678.443172
496.934167,786,680.863436
603.609533,1000,693.099123
587.28438,902,696.036409
592.528451,1000,710.751153
613.970924,1000,713.858328
623.412571,1000,728.714377
614.240879,1000,731.81505
634.255936,1000,746.778838
630.375826,1000,749.927332
510.742308,769,761.228984
627.563556,1000,764.298033
586.510755,879,775.538475
362.665122,570,777.281077
484.970619,715,779.463344
650.188291,1000,789.567689
667.139499,1000,792.630166
116.080811,165,793.143775
312.07403,466,802.543674
588.403323,946,805.507511
474.784671,656,807.675967
584.976113,1000,819.011427
351.364801,519,820.599085
236.385478,313,821.561315
148.953007,193,822.154771
695.138547,1000,831.50732
664.317885,1000,834.581222
134.193011,175,835.119893
682.617824,879,845.986942
536.576171,857,848.753042
703.81772,1000,860.021099
678.159644,1000,863.276455
590.413523,1000,876.759853
628.876174,1000,879.990259
608.508906,1000,894.094388
677.877296,1000,897.143534
648.614402,1000,909.528641
678.884464,1000,912.840132
644.063901,1000,926.85638
663.776843,1000,930.179081
114.824473,167,930.700092
664.971416,1000,942.266658
665.670516,1000,945.34036
695.579914,1000,960.74315
681.201992,1000,964.010375
694.948204,1000,979.306794
708.46666,1000,982.542775
690.703466,1000,998.660164
691.004137,1000,1001.746734
717.842557,1000,1015.331997
709.635031,1000,1018.504415
723.37159,1000,1034.010428
695.034772,1000,1037.172505
711.319521,1000,1052.432818
748.880358,1000,1055.554545
706.993793,1000,1058.744993
715.472185,1000,1074.492859
695.082756,1000,1077.576266
772.308389,1000,1094.209823
719.804082,1000,1097.330437
676.275755,1000,1112.621345
712.402268,1000,1115.868858
729.182945,1000,1130.474124
726.733023,1000,1133.523854
754.874979,1000,1146.874326
736.438785,1000,1150.086951
767.117844,1000,1162.433141
694.769215,1000,1165.452534
742.028193,1000,1178.21432
730.330824,1000,1181.439716
741.879089,1000,1194.046613
766.11489,1000,1197.261981
726.79757,1000,1209.193245
765.568557,1000,1212.338433
122.433982,157,1212.812188
736.260741,1000,1224.128243
780.115882,1000,1227.340849
757.278031,1000,1240.045581
755.677908,1000,1243.205124
777.130372,1000,1255.848317
749.756318,1000,1259.078907
762.265845,1000,1271.583411
773.673562,1000,1274.766029
741.590359,1000,1287.096904
737.577564,1000,1290.486473
743.496556,1000,1302.817928
738.349158,1000,1306.163507
765.784283,1000,1318.521002
733.518799,1000,1321.866995
790.288553,1000,1334.202567
761.822283,1000,1337.387198
749.318965,1000,1349.963475
815.972703,1000,1353.033264
781.222969,1000,1365.5366
692.519397,1000,1368.56432
754.879067,1000,1382.830405
768.689427,1000,1385.857644
741.501013,1000,1400.54633
772.00768,1000,1403.671005
780.067743,1000,1418.618912
778.940904,1000,1421.688124
784.652691,1000,1437.374128
798.090018,1000,1440.397166
791.585541,1000,1456.54541
812.932195,1000,1459.513452
770.681878,1000,1462.557108
798.157136,1000,1478.993382
763.220506,1000,1482.01436
791.374186,1000,1498.402546
544.348559,1000,1501.456798
792.549163,1000,1517.253086
790.593021,1000,1520.269286
791.419703,1000,1535.358332
760.525512,1000,1538.406097
767.949803,1000,1552.936928
763.185716,1000,1555.972975
799.222384,1000,1569.475591
782.738657,1000,1572.470254
803.963749,1000,1585.335762
787.963225,1000,1588.390364
779.223442,1000,1601.077814
784.766235,1000,1604.095314
791.475709,1000,1615.809085
789.280043,1000,1618.822514
652.250798,812,1629.609266
787.651459,1000,1632.620946
823.666007,1000,1644.416897
40.641728,59,1644.592263
794.268873,1000,1647.578461
248.74954,328,1648.553135
782.431714,1000,1659.111992
828.875382,1000,1662.080401
820.322656,1000,1673.589361
799.935517,1000,1676.667909
816.105156,1000,1688.006903
823.39614,1000,1690.996242
832.190507,1000,1702.289248
815.514637,1000,1705.308868
831.163661,1000,1716.913146
804.108388,1000,1720.097248
831.681402,1000,1731.52195
832.407405,1000,1734.52052
846.726817,1000,1745.889361
831.561745,1000,1748.881117
826.873292,1000,1760.289029
835.528866,1000,1763.365791
825.043034,1000,1774.953674
861.377955,1000,1777.991606
859.880376,1000,1790.50237
853.920557,1000,1793.497416
835.064974,1000,1806.12287
834.906001,1000,1809.222465
851.434201,1000,1821.764398
860.628217,1000,1824.714506
851.218608,1000,1839.30366
93.269094,126,1839.672054
816.815647,972,1842.803025
862.758812,1000,1855.337344
842.529576,1000,1858.307327
864.067204,1000,1871.816854
869.56919,1000,1874.789396
862.156415,1000,1889.920882
867.82682,1000,1893.098134
859.873118,1000,1896.171632
857.911919,1000,1912.499052
869.894034,1000,1915.57516
867.171009,1000,1931.032523
846.140147,1000,1934.041782
895.572489,1000,1949.340195
877.181946,1000,1952.321927
636.574222,733,1965.774069
885.629594,1000,1968.724023
870.94638,1000,1979.97461
887.238641,1000,1982.936663
547.211199,641,1993.091753
897.709989,1000,1996.224565
906.62561,1000,2011.229352
876.647801,1000,2014.170859
842.568101,1000,2029.071061
532.881564,609,2030.90954
876.478103,1000,2033.905901
880.767406,1000,2045.082792
891.491467,1000,2048.179624
895.395045,1000,2059.699476
917.565435,1000,2062.692249
892.671508,1000,2074.617402
900.855813,1000,2077.74993
907.837398,1000,2089.190546
896.257782,1000,2092.322649
440.302357,501,2093.838316
897.796628,1000,2105.033653
913.068665,1000,2108.070353
923.708696,1000,2122.68306
896.501386,1000,2125.673291
926.683937,1000,2138.399029
905.409441,1000,2141.389294
930.058874,1000,2154.225612
937.129174,1000,2157.384539
937.773008,1000,2170.270316
909.590608,1000,2173.478867
923.658601,1000,2185.051098
918.922834,1000,2188.223571
585.292697,631,2199.475343
935.718628,1000,2202.490213
927.163854,1000,2215.866957
963.301535,1000,2218.950463
948.077433,1000,2231.209213
928.960473,1000,2234.251658
954.903292,1000,2248.48214
922.249129,1000,2251.427908
960.726161,1000,2265.705721
977.235635,1000,2268.723423
973.607992,1000,2284.74019
974.455194,1000,2287.724594
963.452735,1000,2290.716824
616.743494,667,2304.936537
985.596154,1000,2308.0489
965.581596,1000,2319.622595
972.107071,1000,2322.87142
989.051385,1000,2334.117356
1006.955876,1000,2337.265955
1007.89466,1000,2348.883365
982.26426,1000,2352.106302
954.79608,1000,2363.566072
985.390832,1000,2366.538488
963.386896,1000,2377.806724
1011.646932,1000,2380.714343
539.296914,549,2382.319236
378.347369,378,2391.606558
999.97936,1000,2394.685681
1009.896004,1000,2408.78786
458.252767,474,2410.242402
204.861851,239,2411.026615
1002.388317,1000,2414.212086
1038.868086,1000,2424.864395
1016.444796,1000,2427.883666
1026.953557,1000,2442.822094
777.376151,790,2445.141041
197.689031,199,2445.73162
972.67809,1000,2456.53336
1004.371236,1000,2459.515743
948.476732,934,2472.238061
216.115603,223,2472.937976
834.621175,828,2475.554867
259.949858,265,2476.364883
1032.043563,1000,2486.59384
1051.863894,1000,2489.54066
1025.38954,1000,2504.688765
1043.068222,1000,2507.663843
1029.785978,1000,2520.872272
113.077429,125,2521.247368
982.74922,1000,2524.224618
1049.409372,1000,2536.168397
1030.655934,1000,2539.208056
1021.886286,1000,2554.128317
1020.94077,1000,2557.078678
1024.300457,1000,2571.63035
237.440995,235,2572.349007
161.548813,164,2572.854429
1027.677427,1000,2583.817157
1043.559056,1000,2586.78236
990.338315,1000,2600.367108
1040.346123,1000,2603.447699
1006.748157,1000,2618.743636
1054.725838,1000,2621.821308
1087.852194,1000,2637.298295
1052.791471,1000,2640.248801
1051.65961,1000,2643.213239
1070.863097,1000,2658.240456
1073.722586,1000,2661.202151
1094.997816,1000,2675.946526
1091.651217,1000,2678.915629
1102.6827,1000,2692.856753
1091.275921,1000,2695.856973
123.195576,147,2696.303959
289.452499,297,2709.334936
1085.47516,1000,2712.52865
1097.93493,1000,2724.746002
1081.521501,1000,2727.669683
1110.248713,1000,2740.071131
1115.260933,1000,2743.028171
1124.126643,1000,2756.889626
1134.590951,1000,2759.843402
1143.247989,1000,2774.133195
1156.657853,1000,2777.126392
185.995272,181,2777.665906
1134.604247,1000,2789.871338
1110.992858,1000,2792.814243
1039.80352,925,2805.117361
1128.407472,1000,2808.056173
1174.883831,1000,2824.238976
200.180839,182,2824.801734
1096.840998,1000,2827.796804
1100.985539,1000,2840.077195
1159.553998,1000,2843.192103
1115.347071,1000,2858.192616
157.517882,176,2858.731287
1175.083929,1000,2861.796881
1171.752299,1000,2873.303031
1124.595927,1000,2876.315647
379.13847,345,2877.331702
1141.967065,1000,2888.051629
1150.141947,1000,2891.000213
1156.233702,1000,2902.60655
1169.737279,1000,2905.639779
1170.724798,1000,2916.905823
1178.657014,1000,2919.847001
1158.509697,1000,2931.352962
1041.403105,909,2934.041904
1146.307707,1000,2945.294536
1193.164471,1000,2948.265822
1172.878084,1000,2961.219943
1179.973216,1000,2964.371311
1189.249994,1000,2978.485076
1191.252577,1000,2981.55928
1200.225635,1000,2995.328558
1200.338963,1000,2998.293846
1227.271699,1000,3012.199311
1250.471226,1000,3015.178354
1128.711709,1000,3029.634311
1218.224552,1000,3032.607368
1193.447727,1000,3035.59036
1265.836115,1000,3050.697373
1214.074253,1000,3053.677187
1205.892515,1000,3068.289542
1224.948497,1000,3071.277292
1245.908363,1000,3085.298461
1221.256282,1000,3088.261136
283.783485,247,3099.174717
1239.989326,1000,3102.351039
1211.450144,1000,3118.282524
1255.313297,1000,3121.42437
1251.560528,1000,3124.556128
1243.044346,1000,3141.061825
1281.737064,1000,3144.121872
1280.0083,1000,3160.111305
1237.848669,1000,3163.225564
1265.636964,1000,3178.860935
1265.773577,1000,3181.840387
1284.742975,1000,3195.660199
1271.029537,1000,3198.843899
1266.649848,1000,3213.661664
1254.84746,1000,3216.595997
1277.415339,1000,3228.450219
1284.53177,1000,3231.440273
1281.319302,1000,3243.683552
1302.819247,1000,3246.673983
1315.989737,1000,3258.165207
1304.149862,1000,3261.123631
411.094814,330,3262.103208
1291.308256,1000,3273.325376
1305.327251,1000,3276.293638
1318.061181,1000,3290.80666
1313.744842,1000,3293.766474
655.348284,540,3306.865752
1268.052152,1000,3309.928687
1313.323452,1000,3321.379334
1292.499589,1000,3324.414237
1313.487555,1000,3336.384651
1310.300199,1000,3339.462004
1337.811853,1000,3351.191882
1295.41335,1000,3354.229842
1343.648964,1000,3368.19419
1344.634605,1000,3371.276553
298.493252,232,3371.997088
1335.513231,1000,3383.117448
1352.075792,1000,3386.155305
1306.71828,1000,3397.964433
1329.394835,1000,3401.02327
1331.449797,1000,3413.17838
1323.013266,1000,3416.156438
1343.021502,1000,3429.598322
1332.500319,1000,3432.70308
1329.807891,1000,3444.7829
1326.848777,1000,3447.721402
1383.343443,1000,3462.037202
1333.912177,1000,3465.064309
1344.491147,1000,3480.083493
1323.934236,1000,3483.074623
1356.627127,1000,3499.089564
1383.457332,1000,3502.179296
1349.836428,1000,3505.310208
1355.428028,1000,3521.967156
991.426714,738,3524.211916
1350.86868,1000,3536.534163
1392.063115,1000,3539.484947
1380.269171,1000,3550.92242
515.130211,401,3552.148175
1412.526485,1000,3555.156143
1405.817524,1000,3566.867704
1391.986951,1000,3569.848941
1402.963411,1000,3584.836287
1386.486365,1000,3587.894027
1386.684185,1000,3603.56195
1417.316783,1000,3606.580522
1428.317303,1000,3621.032357
1416.30354,1000,3623.995028
1407.580558,1000,3637.153346
1435.916175,1000,3640.235511
1436.996707,1000,3652.069638
1436.828517,1000,3654.987052
1452.062449,1000,3667.418422
1430.675754,1000,3670.500101
1400.061934,1000,3682.7428
1458.94864,1000,3685.877058
1439.256112,1000,3697.478759
1431.850188,1000,3700.722332
1380.650119,1000,3712.046472
1435.739264,1000,3715.171287
1454.255553,1000,3727.091978
1475.020032,1000,3730.288574
1415.32445,1000,3742.117172
1420.286027,1000,3745.069572
1392.719717,1000,3756.394253
167.975307,125,3756.772061
1463.995459,1000,3759.894314
1466.342968,1000,3771.051662
1483.955206,1000,3774.133488
1489.344194,1000,3785.358247
1428.771128,1000,3788.284366
1482.662038,1000,3799.602526
1438.324223,1000,3802.518375
1501.931825,1000,3813.964596
1524.228188,1000,3816.889417
1515.310506,1000,3828.345223
1536.705865,1000,3831.272607
1545.462248,1000,3842.953152
1480.169487,1000,3845.874228
1507.013223,1000,3858.232522
1533.879535,1000,3861.280035
1510.057053,1000,3875.467112
1509.394946,1000,3878.399353
1550.744392,1000,3892.435661
95.052188,72,3892.646475
430.920648,338,3893.633928
454.625488,321,3894.575931
1569.659428,1000,3897.611779
1508.37333,1000,3907.941173
1423.105089,1000,3910.977731
1528.31335,1000,3924.131427
1538.356332,1000,3927.176994
1521.789733,1000,3939.789463
1531.816726,1000,3942.747437
739.857863,501,3952.696372
1558.733965,1000,3955.720047
1585.321452,1000,3970.207399
1566.492624,1000,3973.168146
1505.658836,1000,3987.641083
1554.602322,1000,3990.802858
1587.47628,1000,3994.020474
1572.300542,1000,4009.807133
1528.724237,1000,4012.874553
1601.46808,1000,4027.7807
37.131644,50,4027.927916
1596.186337,1000,4030.856705
1603.906402,1000,4044.901254
1545.984895,1000,4047.859647
1579.899604,1000,4062.314182
1567.306242,1000,4065.291606
9.780115,29,4065.38039
1566.301447,1000,4080.945811
15.13836,34,4081.04624
1587.895056,1000,4084.187167
16.772229,34,4084.291125
1589.664906,1000,4098.795898
1493.700673,1000,4101.830989
609.573727,402,4115.04015
14.273955,29,4115.126632
1555.975445,1000,4118.08674
1523.864577,1000,4131.451957
1574.145704,1000,4134.525263
1557.112602,1000,4148.815288
1622.804433,1000,4151.806788
1623.30716,1000,4165.573148
21.810688,34,4165.676494
1617.686534,1000,4168.679436
1630.719531,1000,4182.940785
1611.239155,1000,4185.83523
1622.668137,1000,4199.055932
1623.658366,1000,4202.116671
1646.427251,1000,4218.231057
1669.564153,1000,4221.351699
1644.904159,1000,4224.49256
1655.484647,1000,4242.705898
1653.024602,1000,4245.693272
18.905984,41,4245.819092
1628.939695,1000,4262.040771
1629.360427,1000,4265.01862
1629.462528,1000,4280.044009
1651.166965,1000,4282.968388
1631.582181,1000,4297.072578
1602.439794,1000,4300.099625
1651.794818,1000,4314.048609
1607.99606,1000,4317.153083
1635.031378,1000,4331.858382
1560.856447,1000,4334.888993
1663.054784,1000,4348.498888
38.505369,36,4348.609984
1637.035181,1000,4351.580559
1647.463669,1000,4364.049409
1659.103293,1000,4367.144928
1667.406596,1000,4380.121729
1626.202432,1000,4383.205116
1678.812648,1000,4394.58397
1663.746304,1000,4397.526148
1646.925065,1000,4409.250787
43.1693,42,4409.380284
81.843621,71,4409.597927
61.005974,55,4409.765658
1614.896406,1000,4412.836305
1670.150345,1000,4423.744761
1641.762604,1000,4426.684228
1682.878753,1000,4438.239549
1668.995459,1000,4441.25787
1638.317873,1000,4452.561308
1675.626839,1000,4455.498925
1626.641202,1000,4466.677806
1685.630926,1000,4469.620043
100.825469,80,4469.856849
1716.120145,1000,4480.877559
331.707686,225,4481.541779
1591.445661,967,4484.393579
1727.05291,1000,4495.133266
1719.022028,1000,4498.099187
1681.260436,1000,4509.761852
96.896316,85,4510.012152
1637.552494,1000,4513.160053
56.991174,55,4513.32438
64.012049,63,4513.57336
61.089582,52,4513.734817
1737.358836,1000,4525.074007
1739.121852,1000,4528.230274
1566.745992,964,4542.62189
1739.606662,1000,4545.797922
1718.674406,1000,4558.477361
1713.823226,1000,4561.413295
1698.899663,1000,4573.159771
1709.746422,1000,4576.177059
1459.856523,889,4588.770623
67.248276,66,4589.049682
1736.173872,1000,4592.223037
1716.18116,1000,4603.464202
1724.953722,1000,4606.411716
1730.641892,1000,4617.831741
1761.323477,1000,4620.858342
1745.111342,1000,4632.410436
1766.970807,1000,4635.424477
57.768384,53,4635.590267
1772.941954,1000,4646.910277
1778.356425,1000,4650.099439
1753.135372,1000,4661.334243
912.84031,532,4662.980018
1756.001491,1000,4666.136934
949.518461,562,4676.066825
1755.348655,1000,4679.111833
1673.927103,1000,4690.584575
1762.619786,1000,4693.545594
1707.394557,1000,4704.838879
1743.228678,1000,4707.769659
51.280239,54,4708.00183
1741.643612,1000,4719.207999
1693.714192,1000,4722.147598
1786.783228,1000,4733.489962
1793.757812,1000,4736.415909
1588.801135,1000,4747.868108
1769.594653,1000,4750.865658
35.70002,36,4750.973312
1771.586716,1000,4762.338562
1725.583282,1000,4765.508551
1739.734174,1000,4777.556254
1787.28012,1000,4780.510771
1767.703852,1000,4793.39946
36.759724,38,4793.513874
1744.763305,1000,4796.462295
1790.698607,1000,4808.512547
1799.62515,1000,4811.444021
59.971854,53,4811.601465
1812.217497,1000,4824.533768
1738.60665,1000,4827.694892
1755.700309,1000,4842.610758
1781.679516,1000,4845.681046
1792.324572,1000,4859.567062
1794.169917,1000,4862.616955
1785.870387,1000,4879.068263
1813.759681,1000,4882.126153
1774.065506,1000,4885.151071
1815.461405,1000,4900.159352
55.43942,50,4900.309705
1725.677554,1000,4903.406432
1820.645258,1000,4918.200373
1792.159053,1000,4921.146869
1811.233606,1000,4936.602364
1783.890435,1000,4939.672377
1698.193313,1000,4955.279557
1769.057853,1000,4958.255912
49.522555,42,4958.384049
1791.262917,1000,4973.792707
48.442408,51,4973.944574
1756.635169,1000,4976.909625
1804.410742,1000,4990.757778
37.030001,38,4990.870862
1760.88886,1000,4993.80035
31.303058,36,4993.91299
1652.232477,932,5008.093894
37.716151,38,5008.206167
369.520903,258,5008.967981
1781.897375,1000,5020.620584
1764.813893,1000,5023.623457
1795.292371,1000,5038.06026
16.847971,27,5038.141871
1804.842734,1000,5041.172327
40.614885,42,5041.298244
1811.936935,1000,5055.487409
1802.985789,1000,5058.438942
1774.664998,1000,5073.594563
29.178258,32,5073.700661
1770.468974,1000,5076.657746
1738.726729,1000,5091.685493
41.073551,45,5091.836908
1743.622251,1000,5094.779297
1793.080963,1000,5110.228438
1822.113451,1000,5113.185347
1814.457407,1000,5116.296479
1741.689994,1000,5132.361046
32.083128,33,5132.459996
46.205961,49,5132.60994
1792.595045,1000,5135.600995
1780.512144,1000,5150.29932
1791.202293,1000,5153.331006
27.380212,29,5153.418128
29.763071,35,5166.781818
18.423614,27,5166.881805
19.100779,27,5166.968386
20.344763,26,5167.047987
41.408228,42,5167.174889
46.046866,49,5167.320582
18.325047,27,5167.400933
1730.614844,1000,5170.531855
1788.179668,1000,5183.376659
36.120986,36,5183.483622
1700.675332,1000,5186.480721
1732.944407,1000,5199.02796
1780.218323,1000,5201.978854
1754.882675,1000,5216.566514
1799.026704,1000,5219.751308
38.352001,41,5219.874239
49.741141,48,5220.017456
1736.860794,1000,5234.120024
1847.864057,1000,5237.170221
55.090799,59,5237.349451
24.533706,28,5237.4323
32.402406,35,5237.535932
1783.719662,1000,5250.785648
47.115937,47,5250.929705
16.888592,25,5251.004365
20.1801,24,5251.075898
1824.336643,1000,5254.036928
1839.870177,1000,5265.484831
1856.157463,1000,5268.684416
54.937713,62,5268.876775
1731.719518,1000,5280.3345
68.8985,71,5280.546332
33.924597,35,5280.652357
21.389448,26,5280.730681
1764.533033,1000,5283.682172
35.747884,37,5283.793133
1764.588802,1000,5294.652872
1799.569571,1000,5297.591606
20.836224,27,5297.672242
67.143594,68,5297.875292
41.007072,43,5298.004551
1728.776139,1000,5308.783673
1820.186266,1000,5311.804671
39.221628,40,5311.927044
1812.764898,1000,5322.999727
1775.459006,1000,5325.981642
38.752916,38,5326.102202
28.405394,35,5326.212924
18.91773,24,5326.287657
45.397073,51,5326.441722
1734.715938,1000,5337.496398
1803.036081,1000,5340.582077
1816.934143,1000,5351.863576
27.990041,31,5351.956948
31.671778,34,5352.058793
1757.614502,1000,5355.017823
1826.890253,1000,5366.246533
1839.544485,1000,5369.360174
1834.098836,1000,5380.545576
25.942318,27,5380.626652
26.033942,28,5380.710327
1839.011336,1000,5383.637925
1808.050603,1000,5394.598899
32.235899,37,5394.709295
24.870533,29,5394.795654
47.891567,46,5394.937012
59.774467,61,5395.121474
37.552649,40,5395.242583
1812.646764,1000,5398.170637
36.235074,38,5398.284135
30.393143,31,5398.376369
1835.786793,1000,5408.795719
1821.45417,1000,5411.712259
71.77517,74,5411.929853
20.177837,25,5412.003951
1816.11061,1000,5423.69225
1781.623348,1000,5426.695271
30.639534,33,5426.796992
30.190892,33,5426.898531
1774.155771,1000,5438.637862
49.072519,50,5438.786674
1853.695612,1000,5441.728567
21.934921,26,5441.805844
1822.198049,1000,5454.635475
1829.752732,1000,5457.571744
27.270348,30,5457.661119
41.158192,47,5457.801129
1843.345477,1000,5469.892825
42.794639,46,5470.030296
1848.319271,1000,5473.249761
1888.251231,1000,5488.423127
23.526321,31,5488.513422
93.381741,98,5488.803609
1855.343347,1000,5491.822383
1861.750828,1000,5504.781928
1839.216476,1000,5507.692715
1806.142881,1000,5521.284316
52.111514,50,5521.437703
842.089485,494,5522.93624
53.982653,54,5523.100823
1812.139761,1000,5533.84245
31.530336,35,5533.947203
1844.588697,1000,5537.20671
48.122597,49,5537.352973
77.769893,83,5537.600176
55.031404,56,5537.768072
1746.599152,1000,5548.416069
1875.156728,1000,5551.44526
1808.311819,1000,5562.993922
1842.853517,1000,5566.063073
1860.655372,1000,5577.603882
1776.349432,1000,5580.586079
1876.413153,1000,5592.119417
30.566875,35,5592.225889
1816.63882,1000,5595.204992
30.95981,37,5595.317408
1855.70943,1000,5606.29623
50.77328,51,5606.445191
1853.424823,1000,5609.454678
1767.929947,961,5620.525165
1887.890555,1000,5623.444304
1830.297382,1000,5635.257899
1859.685414,1000,5638.196446
1887.803209,1000,5649.782282
1853.969324,1000,5652.88338
1860.950797,1000,5664.808956
1886.910202,1000,5667.798917
1846.4413,1000,5679.337341
1849.452414,1000,5682.296306
142.428616,139,5682.712817
1831.442557,1000,5693.907949
1855.834781,1000,5697.069398
1805.606424,1000,5708.593994
1861.715928,1000,5711.545017
7.137539,42,5711.670888
5.319841,27,5711.750826
1835.631529,1000,5722.969189
1875.279839,1000,5725.998655
1889.66894,1000,5738.193128
1868.214845,1000,5741.322878
1854.643806,1000,5753.046006
1867.669835,1000,5755.992771
1846.465638,1000,5770.082561
1872.849784,1000,5773.103862
30.302473,38,5773.21702
1832.608634,1000,5787.05865
1844.669366,1000,5790.134188
32.417688,40,5790.259179
1126.468134,644,5792.270262
1820.77309,1000,5803.35109
1840.764408,1000,5806.382941
30.197562,35,5806.493506
1838.652078,1000,5820.255026
1802.980602,1000,5823.350379
1873.34803,1000,5836.417073
1858.752562,1000,5839.50815
1827.660523,1000,5852.875148
1847.883628,1000,5855.804481
33.126111,40,5855.923753
996.942403,570,5866.143665
1838.734623,1000,5869.072142
27.180973,35,5869.176636
1826.235905,1000,5880.759282
29.407746,34,5880.861838
1790.972918,1000,5883.81421
51.646355,55,5883.978368
362.905705,221,5884.632996
1861.220016,1000,5895.198383
30.39827,38,5895.315125
1867.660897,1000,5898.323973
1818.947718,1000,5909.51728
1887.915365,1000,5912.567255
1838.468812,1000,5924.121749
1851.451236,1000,5927.298762
1872.518288,1000,5938.845838
1831.732264,1000,5941.997537
1846.072114,1000,5953.441846
1858.004638,1000,5956.486063
1857.420692,1000,5968.703018
64.991233,60,5968.892791
1832.655947,1000,5971.950027
1861.765584,1000,5983.559504
1865.023303,1000,5986.709777
1763.363801,1000,6000.331112
1834.921164,1000,6003.367624
1831.0075,1000,6017.319118
162.841707,131,6017.721936
1814.38076,1000,6020.736636
1803.751544,1000,6032.293261
53.150707,57,6032.465782
1810.693978,1000,6035.779682
1797.031133,1000,6047.674497
1839.083568,1000,6050.747795
1840.101352,1000,6062.732448
1850.495155,1000,6065.938184
1833.849603,1000,6077.624328
1812.024059,1000,6080.586096
1864.631684,1000,6092.822053
75.366435,75,6093.047135
1822.221895,1000,6096.074406
1775.787656,1000,6107.933583
1836.841509,1000,6111.087382
1846.235293,1000,6125.60209
1791.650335,1000,6128.669516
1738.597571,1000,6141.797636
1800.305809,1000,6144.787192
1840.221687,1000,6158.927887
1816.075535,1000,6161.865445
1860.75459,1000,6177.817016
1834.839308,1000,6180.945511
1822.77811,1000,6184.080695
1831.120629,1000,6200.258322
1816.13105,1000,6203.298192
39.470063,42,6203.429346
41.88033,42,6216.738118
1848.291405,1000,6219.720269
1829.656061,1000,6222.684937
1827.362226,1000,6237.602333
1848.30958,1000,6240.60749
1847.654584,1000,6256.776395
1850.350529,1000,6259.756319
62.381483,64,6259.950014
1858.249824,1000,6273.445478
1768.491701,1000,6276.405723
27.239233,33,6276.505317
1874.415159,1000,6290.344258
43.275553,44,6290.476827
1142.75878,637,6292.378311
1868.716029,1000,6303.266658
1828.414355,1000,6306.243812
1846.898404,1000,6317.638367
50.001354,53,6317.799108
37.880273,42,6317.926731
1820.417068,1000,6320.881267
1879.915962,1000,6331.91575
1899.252732,1000,6335.106985
1865.769818,1000,6346.768028
56.872394,59,6346.94449
1896.407243,1000,6350.152662
1923.406047,1000,6361.685121
1908.926181,1000,6364.742495
1885.607054,1000,6376.298617
1930.065095,1000,6379.329439
1900.983956,1000,6390.726567
1915.843198,1000,6393.685863
1904.483195,1000,6405.012095
1482.290953,802,6407.428813
1903.57841,1000,6418.976261
1887.812993,1000,6421.996263
51.298383,68,6422.203386
1538.693696,827,6424.690622
1932.642545,1000,6438.957606
1919.850528,1000,6441.953902
1881.975697,1000,6456.183661
1884.69551,1000,6459.16963
1913.449822,1000,6474.507123
1907.416844,1000,6477.566051
1932.243246,1000,6491.949528
1885.207839,1000,6494.901806
1864.415793,1000,6509.439706
1933.79216,1000,6512.453244
1846.48775,1000,6526.85757
1894.49154,1000,6529.776368
1889.722027,1000,6541.384135
1904.439945,1000,6544.257226
1934.577406,1000,6555.636956
1908.34823,1000,6558.719254
1961.03295,1000,6570.456141
1909.055841,1000,6573.582635
1921.38279,1000,6585.145557
1932.303874,1000,6588.28163
1919.525257,1000,6599.46708
1934.429114,1000,6602.408971
1931.07619,1000,6613.733608
32.625453,41,6613.856605
1838.247415,1000,6616.818021
1886.150641,1000,6628.02162
1907.043868,1000,6631.074308
1910.243838,1000,6642.452399
1942.368855,1000,6645.390598
1927.459491,1000,6656.769498
1910.356598,1000,6659.791793
1919.789395,1000,6672.214947
1914.785416,1000,6675.246349
1946.064478,1000,6688.62159
1861.085122,1000,6691.586242
1931.969097,1000,6703.750563
1964.506063,1000,6706.700573
32.583748,50,6706.849475
1940.625641,1000,6718.891704
1926.218997,1000,6721.846215
1920.121634,1000,6734.736692
1937.101333,1000,6737.823244
1953.754296,1000,6751.548407
1949.580153,1000,6754.470951
1904.132352,1000,6769.267522
1948.160638,1000,6772.183432
1942.312393,1000,6775.114619
1903.34417,1000,6791.298612
1956.219361,1000,6794.3968
1929.001443,1000,6809.798584
1886.171069,1000,6812.918654
1900.732658,1000,6826.83924
1926.450192,1000,6829.795079
1919.631335,1000,6843.691217
1903.492885,1000,6846.63092
1911.236581,1000,6859.354264
1957.058306,1000,6862.310468
1895.694727,1000,6874.396962
1902.631457,1000,6877.324595
1928.252402,1000,6890.433712
1956.625662,1000,6893.5422
1947.819296,1000,6905.116057
1897.822315,1000,6908.148263
1950.626998,1000,6920.002465
1926.547559,1000,6923.170065
1931.790269,1000,6935.126734
1969.104074,1000,6938.07205
1920.105955,1000,6949.685579
473.893082,289,6950.539191
1922.901795,1000,6953.630939
1934.608996,1000,6964.573708
1951.306333,1000,6967.646698
1923.901628,1000,6980.084639
47.238531,50,6980.244169
1903.764383,1000,6983.311136
1953.022434,1000,6994.972
1950.477423,1000,6997.916647
35.847336,40,6998.036328
1971.26393,1000,7009.825214
1983.49691,1000,7012.744361
1946.569507,1000,7024.238549
1924.24178,1000,7027.329865
1960.62732,1000,7039.4037
1925.487462,1000,7042.559001
1943.041183,1000,7054.274263
1901.750397,1000,7057.204155
1914.631649,1000,7068.463819
1927.417582,1000,7071.417897
1867.933725,1000,7082.677261
92.533452,95,7082.960878
1948.931334,1000,7085.898012
1860.47582,1000,7096.755017
1894.355016,1000,7099.708045
1854.989959,1000,7110.90589
1888.313042,1000,7113.85158
39.885409,43,7113.980218
1939.128093,1000,7125.077751
43.940267,45,7125.212298
63.744634,73,7125.430138
1029.499138,566,7127.122445
1932.362348,1000,7137.859438
1927.418867,1000,7140.861305
1947.850972,1000,7156.70119
29.014246,32,7156.79722
1926.053667,1000,7159.860062
1970.347127,1000,7175.255137
1947.00665,1000,7178.478097
1907.917675,1000,7181.4071
1971.55932,1000,7196.325141
1966.290661,1000,7199.487456
1940.886816,1000,7215.677459
1968.040759,1000,7218.717725
1929.096646,1000,7235.033382
1960.177556,1000,7238.000015
1993.168376,1000,7251.946595
1969.803591,1000,7255.071661
1983.088724,1000,7269.133408
2002.463668,1000,7272.171947
2000.703832,1000,7286.579921
1954.189758,1000,7289.701876
1904.300163,1000,7302.522064
1937.255277,1000,7305.483555
1951.696081,1000,7317.979444
1951.917825,1000,7321.075591
37.94683,41,7321.200082
22.663066,30,7321.300185
2001.292759,1000,7332.560443
1970.556932,1000,7335.955064
35.756654,40,7336.080702
37.175912,42,7336.21405
1949.025332,1000,7347.519001
1965.300556,1000,7350.624506
2011.698043,1000,7362.266949
1936.024656,1000,7365.289232
28.576352,32,7365.384275
1975.238839,1000,7376.63901
35.151453,38,7376.755962
1912.049981,1000,7379.775256
2006.494615,1000,7391.183743
1991.560157,1000,7394.386377
1968.070129,1000,7406.20709
1968.942048,1000,7409.152427
34.117783,38,7409.266787
1940.690033,1000,7420.42031
1992.062198,1000,7423.366679
1960.305836,1000,7434.740442
1951.590076,1000,7437.694191
1991.622407,1000,7448.983364
1891.478475,1000,7451.961461
1886.070727,1000,7463.27546
1963.327753,1000,7466.245666
46.080535,48,7466.390804
1934.713333,1000,7477.52727
1965.032459,1000,7480.491737
1986.961487,1000,7492.02739
1952.199888,1000,7495.057157
1986.92661,1000,7507.863352
1867.695799,1000,7510.978309
1987.314204,1000,7522.710316
1952.772275,1000,7525.959102
1985.443045,1000,7537.629388
1992.07889,1000,7540.747196
1936.49712,1000,7554.852243
1964.58536,1000,7557.948333
1966.764582,1000,7572.347541
1977.65851,1000,7575.287597
1987.44577,1000,7590.043681
1987.188712,1000,7593.139147
