nupdates,serial_timesteps,clipfrac,v_mix_ev,time_elapsed,gamelenmean,gamescoremean,total_timesteps,approxkl,fps,v_ex_ev,entropy
1,2048,0.25,-0.10712110996246338,10.080231189727783,17.18,-7.4383754699999995,2048,0.01731805130839348,203,-0.917382001876831,8.519775390625
2,4096,0.234375,0.16528218984603882,19.672837495803833,17.02,-6.675718389999999,4096,0.011905169114470482,213,-1.3175599575042725,8.49720573425293
3,6144,0.21875,0.3480892777442932,29.444450855255127,17.67,-5.28763602,6144,0.015554978512227535,209,-0.2806427478790283,8.48853874206543
4,8192,0.25,0.361863374710083,39.39224672317505,17.83,-4.30106906,8192,0.017049647867679596,205,-0.11413788795471191,8.456413269042969
5,10240,0.171875,0.3407318592071533,48.74857687950134,18.62,-5.543479469999999,10240,0.012720104306936264,218,-0.08727788925170898,8.40509033203125
6,12288,0.328125,0.26466721296310425,58.481738328933716,19.03,-3.7685864000000002,12288,0.020166542381048203,210,0.0018428564071655273,8.327152252197266
7,14336,0.3125,0.4871219992637634,67.9862539768219,19.01,-2.4448278500000002,14336,0.02845507115125656,215,0.005997598171234131,8.274953842163086
8,16384,0.21875,0.5004529356956482,77.36785411834717,20.18,-1.7185391900000002,16384,0.015858229249715805,218,0.0774584412574768,8.207649230957031
9,18432,0.234375,0.49015963077545166,86.69457149505615,20.28,-0.4159941199999999,18432,0.014210713095963001,219,0.05471920967102051,8.141106605529785
10,20480,0.296875,0.4598914384841919,96.07878398895264,22.49,1.41711281,20480,0.017103493213653564,218,0.19170820713043213,8.083824157714844
11,22528,0.28125,0.5093897879123688,105.46808910369873,23.35,2.6523344000000004,22528,0.018392419442534447,218,0.3209710717201233,7.990699291229248
12,24576,0.328125,0.5741426348686218,114.98200249671936,24.2,2.8929458200000004,24576,0.019936271011829376,215,0.3850410580635071,7.881120681762695
13,26624,0.25,0.5676703751087189,124.79730701446533,25.5,4.18058053,26624,0.014441723003983498,208,0.48621898889541626,7.801884174346924
14,28672,0.234375,0.6431425213813782,134.43499183654785,27.24,7.063678619999999,28672,0.016601987183094025,212,0.5073825120925903,7.728334426879883
15,30720,0.21875,0.6349518895149231,144.31536507606506,29.77,10.16171521,30720,0.013263612985610962,207,0.5840205550193787,7.645722389221191
16,32768,0.125,0.6270362436771393,154.1570737361908,29.94,12.19518126,32768,0.011445854790508747,208,0.5740138292312622,7.599059104919434
17,34816,0.296875,0.7003951668739319,163.96388483047485,32.42,14.67797555,34816,0.02053692936897278,208,0.6267458498477936,7.542001247406006
18,36864,0.265625,0.702674001455307,173.9514617919922,34.29,15.643846659999998,36864,0.014271466061472893,205,0.6570075154304504,7.4441142082214355
19,38912,0.1875,0.7388487160205841,183.6191110610962,38.3,19.03316797,38912,0.014611322432756424,211,0.7043557167053223,7.364845275878906
20,40960,0.3125,0.7766731232404709,193.30002689361572,41.64,23.08727044999999,40960,0.024637646973133087,211,0.7512831836938858,7.257411956787109
21,43008,0.234375,0.7908862382173538,202.96456718444824,42.37,25.264670060000004,43008,0.013442493975162506,211,0.777328222990036,7.159575939178467
22,45056,0.265625,0.7995152473449707,212.671893119812,41.94,26.256116860000002,45056,0.019866464659571648,210,0.8128625601530075,7.090656757354736
23,47104,0.25,0.8415630161762238,222.26335334777832,44.12,27.841042279999996,47104,0.012905314564704895,213,0.8525161147117615,6.985653400421143
24,49152,0.171875,0.8002690672874451,231.83320474624634,47.29,30.725574559999995,49152,0.011678715236485004,214,0.8614537864923477,6.898715496063232
25,51200,0.3125,0.8105824142694473,241.65320014953613,52.22,34.27858808,51200,0.021124640479683876,208,0.8587160855531693,6.831803321838379
26,53248,0.1875,0.8808842971920967,251.35107040405273,53.89,36.37343327000001,53248,0.013374458067119122,211,0.907908096909523,6.772199630737305
27,55296,0.375,0.9061966463923454,261.4200129508972,55.61,38.83208931,55296,0.017377685755491257,203,0.9445975162088871,6.6898193359375
28,57344,0.265625,0.8505448997020721,271.1601531505585,58.29,40.609008630000005,57344,0.01797296851873398,210,0.9130090698599815,6.648648262023926
29,59392,0.25,0.9172570332884789,280.97439980506897,63.17,44.217860149999986,59392,0.023698633536696434,208,0.9567806199193001,6.585380554199219
30,61440,0.25,0.8733768910169601,290.85190868377686,69.11,47.707459629999995,61440,0.025881614536046982,207,0.9524678140878677,6.478876113891602
31,63488,0.09375,0.9137075319886208,300.763347864151,73.41,51.148494150000005,63488,0.008627678267657757,206,0.9690040219575167,6.382969856262207
32,65536,0.28125,0.9288500547409058,310.6386835575104,79.71,55.9206232,65536,0.016596417874097824,207,0.9709935206919909,6.280030250549316
33,67584,0.328125,0.891426682472229,320.8183755874634,83.61,57.787989710000005,67584,0.01656365767121315,201,0.9383903183043003,6.202202796936035
34,69632,0.203125,0.8811768963932991,330.8370313644409,86.68,59.63191196,69632,0.013307575136423111,204,0.9452762417495251,6.113644123077393
35,71680,0.25,0.9631291478872299,340.93600940704346,89.91,61.84919076,71680,0.018937718123197556,202,0.9872760092839599,5.980000019073486
36,73728,0.3125,0.9488263465464115,351.0256600379944,95.09,65.16454437,73728,0.018632784485816956,202,0.9858263209462166,5.881954669952393
37,75776,0.234375,0.9712698366492987,361.1774661540985,100.68,68.39276774,75776,0.02441057376563549,201,0.9889194276183844,5.7984843254089355
38,77824,0.21875,0.9652743190526962,371.8681926727295,109.82,74.07730066,77824,0.01164104975759983,191,0.9892178159207106,5.712188243865967
39,79872,0.28125,0.9682996980845928,382.5188887119293,117.52,78.59268546999999,79872,0.02514287270605564,192,0.989013122394681,5.638092994689941
40,81920,0.1875,0.9709404408931732,393.7423298358917,128.09,84.76015036999999,81920,0.015591694042086601,182,0.9892985792830586,5.565696716308594
41,83968,0.21875,0.9522408470511436,405.11233162879944,141.03,91.65473975999997,83968,0.018689829856157303,180,0.9861213434487581,5.471500396728516
42,86016,0.171875,0.9555999897420406,416.8594319820404,153.84,98.32771332,86016,0.012547116726636887,174,0.9818448610603809,5.3520941734313965
43,88064,0.21875,0.7890088111162186,430.6665008068085,170.42,106.93287201999999,88064,0.012894079089164734,148,0.8310218304395676,5.258642196655273
44,90112,0.125,0.10787791013717651,445.9507462978363,188.27,116.06571921000001,90112,0.010983710177242756,133,0.09662538766860962,5.237343788146973
45,92160,0.109375,0.15629082918167114,462.5269377231598,206.23,125.36169796,92160,0.011901125311851501,123,0.0798346996307373,5.166484832763672
46,94208,0.296875,0.16059505939483643,478.15899419784546,224.33,134.60683303,94208,0.02604621648788452,131,0.05965566635131836,5.135461807250977
47,96256,0.25,0.09260332584381104,492.9816257953644,242.49,143.8869426,96256,0.01413307711482048,138,0.052905380725860596,5.119134902954102
48,98304,0.34375,0.07397431135177612,507.7609136104584,260.08,152.69829109,98304,0.024503234773874283,138,0.09968674182891846,5.113871097564697
49,100352,0.140625,0.157118022441864,524.0058178901672,277.67,161.74115191,100352,0.013234969228506088,126,0.12168586254119873,5.113376617431641
50,102400,0.265625,0.22229784727096558,538.8860611915588,295.6,170.85479422,102400,0.019527260214090347,137,0.12145721912384033,5.085297584533691
51,104448,0.1875,0.04620695114135742,554.4466257095337,313.93,180.41681694,104448,0.01703691855072975,131,-0.0003110170364379883,5.088065147399902
52,106496,0.234375,0.1687273383140564,570.7751619815826,331.72,189.63816192,106496,0.019001292064785957,125,0.17864543199539185,5.074856281280518
53,108544,0.109375,0.17350411415100098,590.8295876979828,349.4,198.99664350999998,108544,0.011289244517683983,102,0.1300867795944214,5.060834884643555
54,110592,0.265625,0.2073470950126648,607.7987155914307,367.41,208.51315699,110592,0.017280213534832,120,0.185843825340271,5.022510051727295
55,112640,0.3125,0.6617696583271027,622.5116548538208,387.11,219.15620735000002,112640,0.02371084690093994,139,0.7245350778102875,5.001165866851807
56,114688,0.421875,0.06484311819076538,637.504209280014,405.11,228.88792335,114688,0.030365347862243652,136,0.025900721549987793,4.952308654785156
57,116736,0.328125,0.7128149569034576,653.0353202819824,422.13,238.59373067999996,116736,0.02928004041314125,131,0.8046638071537018,4.897532939910889
58,118784,0.25,0.7603304088115692,672.2938301563263,439.18,248.40642217000004,118784,0.02362607978284359,106,0.7674418836832047,4.833664894104004
59,120832,0.265625,0.6069140434265137,687.7751996517181,462.69,262.09352666,120832,0.01683543622493744,132,0.606317400932312,4.784348011016846
60,122880,0.25,0.7989853769540787,705.7798492908478,479.46,272.45527613999997,122880,0.016655435785651207,113,0.8170502036809921,4.766305923461914
61,124928,0.3125,0.09125739336013794,723.8088994026184,497.09,282.9352071,124928,0.016624948009848595,113,0.20352911949157715,4.777582168579102
62,126976,0.203125,0.12728911638259888,742.0079910755157,514.1,293.37755256,126976,0.011655904352664948,112,0.3094274401664734,4.754722595214844
63,129024,0.234375,0.07423502206802368,757.5035681724548,532.0,304.56632352,129024,0.017033178359270096,132,0.25867003202438354,4.702588081359863
64,131072,0.328125,0.7077810168266296,772.3325774669647,547.83,314.65267195,131072,0.02052542194724083,138,0.7900836318731308,4.623806953430176
65,133120,0.234375,0.9562104344367981,785.6585276126862,565.95,326.61503446,133120,0.014729335904121399,153,0.9644327871501446,4.614981651306152
66,135168,0.34375,0.750221386551857,799.8960132598877,582.76,337.94200428,135168,0.025683768093585968,143,0.7451185286045074,4.561478614807129
67,137216,0.234375,0.872380867600441,814.6595878601074,599.26,348.98576924,137216,0.014470884576439857,138,0.9049586802721024,4.558758735656738
68,139264,0.265625,0.9041628837585449,827.2257671356201,613.98,358.6271554599999,139264,0.02298191748559475,162,0.9142892584204674,4.554989337921143
69,141312,0.25,0.7305184900760651,841.69447016716,632.14,371.15930973999997,141312,0.015633048489689827,141,0.7274300456047058,4.534596920013428
70,143360,0.21875,0.9591541662812233,856.3029234409332,646.2,381.17843103000007,143360,0.017142027616500854,140,0.9640259779989719,4.499732971191406
71,145408,0.25,0.431209921836853,873.1007306575775,663.36,393.1303627,145408,0.015310198068618774,121,0.635113537311554,4.431220054626465
72,147456,0.21875,0.39836806058883667,890.64510846138,680.7,403.59060543,147456,0.013221683911979198,116,0.5427936613559723,4.392650604248047
73,149504,0.296875,0.34786123037338257,906.271152973175,697.53,414.3280161800001,149504,0.01461060717701912,131,0.4671476483345032,4.4062604904174805
74,151552,0.265625,0.25069403648376465,923.6721453666687,713.92,425.36867598000003,151552,0.019304905086755753,117,0.48223114013671875,4.395540714263916
75,153600,0.21875,0.5124587416648865,938.7789928913116,730.78,436.5014945700001,153600,0.014592461287975311,135,0.5181564688682556,4.359258651733398
76,155648,0.40625,0.3042598366737366,957.2272534370422,745.62,446.7492703,155648,0.027292009443044662,111,0.5176802575588226,4.324535369873047
77,157696,0.28125,0.14838707447052002,976.0623705387115,763.07,458.8566656700001,157696,0.01620011404156685,108,0.2850185036659241,4.297169208526611
78,159744,0.28125,0.1524289846420288,995.5476362705231,779.53,470.64047238000006,159744,0.019444221630692482,105,0.30619341135025024,4.281462669372559
79,161792,0.265625,0.26331913471221924,1012.4304611682892,796.11,482.33812465000005,161792,0.021193034946918488,121,0.4568588137626648,4.246132850646973
80,163840,0.3125,0.20052361488342285,1031.238712310791,811.73,493.9230412500001,163840,0.017971714958548546,108,0.38482892513275146,4.216692924499512
81,165888,0.40625,0.16480958461761475,1049.8267369270325,827.13,505.3246487800001,165888,0.03270391747355461,110,0.3112782835960388,4.166659832000732
82,167936,0.296875,0.14635640382766724,1068.9511322975159,848.55,521.84083455,167936,0.01909518986940384,107,0.244886577129364,4.130130767822266
83,169984,0.265625,0.3015381693840027,1088.7665734291077,863.7,533.0401599400001,169984,0.02142075076699257,103,0.41848886013031006,4.106744766235352
84,172032,0.28125,0.2269878387451172,1107.3460931777954,876.29,543.7916501100001,172032,0.01325160637497902,110,0.555152028799057,4.054637908935547
85,174080,0.265625,0.30591297149658203,1125.4048917293549,891.15,554.60950289,174080,0.023950843140482903,113,0.5133475363254547,4.013840675354004
86,176128,0.25,0.3251150846481323,1141.8635730743408,906.66,566.45561847,176128,0.02383115515112877,124,0.4138835668563843,4.031314849853516
87,178176,0.15625,0.16663283109664917,1157.6844251155853,911.4,573.1122091100001,178176,0.01317376084625721,129,0.555350661277771,4.015575408935547
88,180224,0.25,0.052360475063323975,1173.4203383922577,921.68,582.2446897799999,180224,0.025460317730903625,130,0.5082961022853851,3.991248607635498
89,182272,0.453125,0.23109161853790283,1189.343814611435,921.68,586.40003285,182272,0.03546103835105896,128,0.43023544549942017,3.950129508972168
90,184320,0.171875,0.1673755645751953,1204.861831188202,921.68,590.7561317199999,184320,0.012173855677247047,131,0.3682161569595337,3.928196430206299
91,186368,0.3125,0.5146820247173309,1219.3685946464539,913.25,591.0265241,186368,0.01620727777481079,141,0.6142598688602448,3.922078847885132
92,188416,0.453125,0.27478206157684326,1235.4734201431274,913.25,595.7070033499999,188416,0.0458027645945549,127,0.5403980314731598,3.9096620082855225
93,190464,0.25,0.27952831983566284,1251.3968150615692,913.25,600.3703181999999,190464,0.01637738011777401,128,0.5790888071060181,3.8342034816741943
94,192512,0.375,0.29145950078964233,1267.1803030967712,913.25,605.0535258699999,192512,0.0285800788551569,129,0.5659091472625732,3.821382999420166
95,194560,0.21875,0.3118706941604614,1282.8633499145508,913.25,609.73849058,194560,0.013836582191288471,130,0.5509211122989655,3.806519031524658
96,196608,0.28125,0.2018141746520996,1298.735961675644,913.25,613.9195638699999,196608,0.01892869547009468,129,0.26154273748397827,3.790332317352295
97,198656,0.21875,0.1592773199081421,1314.606635093689,913.25,617.78092221,198656,0.011769134551286697,129,0.45208340883255005,3.7963948249816895
98,200704,0.34375,0.26238977909088135,1330.450632572174,913.25,621.82513736,200704,0.020297404378652573,129,0.5453797280788422,3.748478412628174
99,202752,0.375,0.29645252227783203,1346.452580690384,913.25,626.51259062,202752,0.023535728454589844,127,0.4719768762588501,3.712158203125
100,204800,0.359375,0.35838931798934937,1362.1980075836182,919.94,634.59805597,204800,0.021237120032310486,130,0.673482358455658,3.678046941757202
101,206848,0.265625,0.3019323945045471,1379.6193499565125,919.94,638.2124344599999,206848,0.01780322939157486,117,0.4821542501449585,3.6441051959991455
102,208896,0.234375,0.21305018663406372,1397.4267456531525,920.43,642.1428617500001,208896,0.020208928734064102,115,0.42472368478775024,3.5665946006774902
103,210944,0.328125,0.14231938123703003,1415.6797232627869,921.14,645.9351386800001,210944,0.02003546431660652,112,0.39644932746887207,3.5272483825683594
104,212992,0.234375,0.13570594787597656,1434.587555885315,921.14,649.9102117500001,212992,0.01637294888496399,108,0.413188099861145,3.503420829772949
105,215040,0.171875,0.17177146673202515,1453.904423236847,923.28,654.73220184,215040,0.016944926232099533,106,0.576606959104538,3.518183708190918
106,217088,0.25,0.16773831844329834,1473.4188134670258,924.26,660.54636043,217088,0.019629323855042458,104,0.5181154906749725,3.510310649871826
107,219136,0.28125,0.1527465581893921,1493.0312128067017,924.26,663.78360235,219136,0.015451671555638313,104,0.43602460622787476,3.4294393062591553
108,221184,0.21875,0.31990623474121094,1512.0115325450897,924.26,664.49451218,221184,0.013841424137353897,107,0.7657327055931091,3.3842687606811523
109,223232,0.3125,0.13284224271774292,1530.2738041877747,926.57,668.9428753799999,223232,0.021590465679764748,112,0.2793228030204773,3.385282278060913
110,225280,0.3125,0.2569752335548401,1547.9949343204498,932.08,674.97056876,225280,0.02055993676185608,115,0.39923352003097534,3.3190624713897705
111,227328,0.265625,0.1771392822265625,1564.6977739334106,934.93,678.9303348499999,227328,0.02124544233083725,122,0.2564346194267273,3.2649621963500977
112,229376,0.3125,0.2581259608268738,1580.7244155406952,943.28,686.9177421599998,229376,0.022201139479875565,127,0.23829489946365356,3.213665723800659
113,231424,0.34375,0.12219679355621338,1596.5630264282227,949.16,693.8322383699998,231424,0.02433190867304802,129,0.0903506875038147,3.180969715118408
114,233472,0.234375,0.13956928253173828,1611.4670214653015,952.6,698.8745273000002,233472,0.01732034794986248,137,0.021787166595458984,3.1989450454711914
115,235520,0.3125,0.23098480701446533,1625.997955083847,964.28,708.8045820300001,235520,0.019348829984664917,140,0.13648051023483276,3.157731771469116
116,237568,0.453125,0.5435841679573059,1640.962530374527,970.47,714.7626890600001,237568,0.03236551582813263,136,0.6524253487586975,3.144059181213379
117,239616,0.328125,0.49755531549453735,1654.6409499645233,965.23,713.6589016300001,239616,0.0212035421282053,149,0.5715968608856201,3.1098031997680664
118,241664,0.3125,0.2680991291999817,1669.2517957687378,965.23,715.95219895,241664,0.027161024510860443,140,0.3045082688331604,3.0804355144500732
119,243712,0.3125,0.2120448350906372,1683.8184287548065,965.23,719.9618837100002,243712,0.026036202907562256,140,0.05560272932052612,3.074812650680542
120,245760,0.359375,0.23994708061218262,1698.24152135849,965.23,723.4930346500001,245760,0.029670195654034615,142,0.19430780410766602,3.0225467681884766
121,247808,0.25,0.27884846925735474,1712.882084608078,965.23,726.69509743,247808,0.02034604176878929,139,0.1737324595451355,3.0359058380126953
122,249856,0.34375,0.18476635217666626,1727.6708958148956,965.23,729.9694104800001,249856,0.017937973141670227,138,-0.0710291862487793,2.9972472190856934
123,251904,0.34375,0.2190183401107788,1742.2740178108215,973.56,738.81233966,251904,0.02112147957086563,140,0.3539184331893921,2.972339630126953
124,253952,0.390625,0.16202527284622192,1756.8179059028625,973.56,741.9827209800001,253952,0.03356565535068512,140,0.16771525144577026,2.964289665222168
125,256000,0.296875,0.21884018182754517,1771.63139295578,973.56,744.8452406,256000,0.022267131134867668,138,0.022631347179412842,2.948765754699707
126,258048,0.265625,0.26650387048721313,1787.2854645252228,973.56,747.7177492300001,258048,0.01606321707367897,130,0.26335352659225464,2.9235317707061768
127,260096,0.328125,0.22763139009475708,1803.0026607513428,973.56,750.7672916200002,260096,0.025877777487039566,130,0.03933548927307129,2.911355495452881
128,262144,0.375,0.19490772485733032,1818.8596680164337,973.56,753.13693516,262144,0.02865101769566536,129,0.11079686880111694,2.862231731414795
129,264192,0.265625,0.2417072057723999,1836.5528700351715,973.56,756.1940164099999,264192,0.02527851238846779,115,0.07622379064559937,2.835178852081299
130,266240,0.203125,0.4498322010040283,1852.437837600708,964.54,752.0935865399999,266240,0.016462113708257675,128,0.6024284958839417,2.815631866455078
131,268288,0.328125,0.2934110760688782,1869.0602803230286,964.54,754.4725589700001,268288,0.022384971380233765,123,0.029750168323516846,2.7822883129119873
132,270336,0.390625,0.23561829328536987,1887.283541917801,964.54,757.84812454,270336,0.030367720872163773,112,0.02069026231765747,2.762406826019287
133,272384,0.296875,0.23001235723495483,1906.9922716617584,964.54,762.0635057100001,272384,0.016542859375476837,103,-0.02052319049835205,2.7643628120422363
134,274432,0.265625,0.2963069677352905,1925.466212272644,964.54,764.4284276,274432,0.018909422680735588,110,0.04463595151901245,2.747880458831787
135,276480,0.296875,0.1934604048728943,1944.19389462471,964.54,766.9426685699999,276480,0.021605052053928375,109,0.027501821517944336,2.752089738845825
136,278528,0.34375,0.16099876165390015,1961.5605490207672,964.54,769.9466227499998,278528,0.027332793921232224,117,0.16130608320236206,2.7192959785461426
137,280576,0.328125,0.4827163815498352,1975.8970823287964,961.87,770.08872112,280576,0.026150792837142944,142,0.6205399632453918,2.6733570098876953
138,282624,0.359375,0.29274505376815796,1990.221019268036,961.87,772.7469100599999,282624,0.029395781457424164,142,0.08421307802200317,2.66801118850708
139,284672,0.296875,0.5555488169193268,2008.5041012763977,966.71,778.6091747099999,284672,0.02866419032216072,112,0.608413964509964,2.6537976264953613
140,286720,0.328125,0.22586685419082642,2026.4633734226227,966.71,781.0679696899999,286720,0.017278622835874557,114,-0.07928168773651123,2.6589179039001465
141,288768,0.359375,0.3463948965072632,2040.828022480011,962.8,780.76160139,288768,0.02951018698513508,142,0.39192742109298706,2.60194993019104
142,290816,0.375,0.24154847860336304,2055.5592403411865,962.8,783.12479605,290816,0.021985327824950218,139,-0.0009717941284179688,2.568527936935425
143,292864,0.375,0.409285306930542,2070.6063420772552,962.8,786.4627216199999,292864,0.027794061228632927,136,0.03293997049331665,2.581892967224121
144,294912,0.265625,0.2885704040527344,2085.261536836624,962.8,789.57953769,294912,0.020086336880922318,139,0.004786193370819092,2.5471749305725098
145,296960,0.390625,0.43700164556503296,2099.682280063629,957.81,789.1275967099999,296960,0.028418341651558876,142,0.4301435351371765,2.5049631595611572
146,299008,0.4375,0.23456376791000366,2117.5365657806396,957.81,792.1248371599999,299008,0.035503119230270386,114,-0.051799893379211426,2.4618120193481445
147,301056,0.34375,0.3876878619194031,2133.508502483368,957.81,794.35498126,301056,0.023976847529411316,128,0.1270243525505066,2.4565935134887695
148,303104,0.34375,0.3331272006034851,2149.3699617385864,957.81,798.2019304,303104,0.027237338945269585,129,0.11954647302627563,2.4459333419799805
149,305152,0.265625,0.2928047776222229,2165.573565006256,957.81,801.7719064799999,305152,0.01927470788359642,126,0.17904680967330933,2.4327077865600586
150,307200,0.40625,0.33443254232406616,2180.489926099777,957.81,804.7247884100001,307200,0.04066067934036255,137,0.11424422264099121,2.406571626663208
151,309248,0.3125,0.27838134765625,2196.1320881843567,957.81,807.5146668100001,309248,0.028319787234067917,130,0.040883779525756836,2.3951077461242676
152,311296,0.265625,0.4966665506362915,2212.7484290599823,954.12,806.8280244700001,311296,0.025128096342086792,123,0.5335919857025146,2.365917682647705
153,313344,0.421875,0.25191670656204224,2228.2765526771545,954.12,809.8965376300001,313344,0.027358053252100945,131,-0.010295629501342773,2.336155891418457
154,315392,0.375,0.3452566862106323,2245.693039894104,954.12,813.0531402700002,315392,0.03280676156282425,117,0.0572504997253418,2.3131043910980225
155,317440,0.328125,0.3340691924095154,2263.0411245822906,954.12,818.46743703,317440,0.023716991767287254,118,0.02332627773284912,2.290715217590332
156,319488,0.296875,0.23530995845794678,2282.2352633476257,954.12,822.0156331500002,319488,0.03180933743715286,106,0.01007533073425293,2.264106273651123
157,321536,0.28125,0.2057148814201355,2300.5829281806946,954.12,827.9318421800001,321536,0.02492918074131012,111,0.012602448463439941,2.247762680053711
158,323584,0.4375,0.5624580085277557,2315.308252811432,950.79,828.3311576599999,323584,0.03290979564189911,139,0.6144631803035736,2.2213780879974365
159,325632,0.328125,0.3487647771835327,2330.0560989379883,950.79,831.8410202700001,325632,0.02204045280814171,138,0.1544833779335022,2.1710996627807617
160,327680,0.296875,0.35694265365600586,2344.840807199478,950.79,836.1292262100001,327680,0.029772251844406128,138,0.07470053434371948,2.1813647747039795
161,329728,0.375,0.3462744951248169,2359.7786343097687,950.79,840.26839597,329728,0.02824573963880539,137,-0.005759477615356445,2.1424169540405273
162,331776,0.265625,0.38442307710647583,2374.171357154846,952.67,845.2549566800001,331776,0.028878431767225266,142,0.04460954666137695,2.1301381587982178
163,333824,0.328125,0.3777443766593933,2388.3047823905945,957.57,853.8786721600002,333824,0.025920795276761055,144,0.32944434881210327,2.0914340019226074
164,335872,0.265625,0.5413770973682404,2405.634393453598,958.07,857.2317553199999,335872,0.022560348734259605,118,0.41924917697906494,2.061400890350342
165,337920,0.328125,0.5795210003852844,2419.7118117809296,945.2,851.6700920199999,337920,0.028949111700057983,145,0.6162554621696472,2.0711185932159424
166,339968,0.203125,0.37285351753234863,2437.8677945137024,945.2,855.8282078799998,339968,0.014911455102264881,112,0.028063178062438965,2.032608985900879
167,342016,0.421875,0.6520019173622131,2451.770446538925,935.09,851.05970722,342016,0.03413518890738487,147,0.6788293719291687,2.0283238887786865
168,344064,0.328125,0.3313906192779541,2467.7567405700684,935.09,854.4723025800001,344064,0.027351684868335724,128,0.046897172927856445,2.039473533630371
169,346112,0.265625,0.6724757254123688,2481.361249446869,917.59,843.6882436699999,346112,0.020731136202812195,150,0.7697046250104904,1.986593246459961
170,348160,0.46875,0.2511216402053833,2499.572511911392,917.59,847.92159924,348160,0.029928337782621384,112,0.10622060298919678,1.9672926664352417
171,350208,0.3125,0.28643518686294556,2515.9135229587555,917.59,851.3935935499999,350208,0.02383081428706646,125,0.026177287101745605,1.9393362998962402
172,352256,0.296875,0.7481893599033356,2531.006541967392,908.84,847.4108045,352256,0.023514073342084885,135,0.6345501244068146,1.922122597694397
173,354304,0.328125,0.4113369584083557,2549.1027448177338,908.84,851.0908333799998,354304,0.027214588597416878,113,0.013933658599853516,1.9310932159423828
174,356352,0.3125,0.3102152347564697,2566.366359949112,917.58,862.0742269199999,356352,0.02551192417740822,118,0.07728588581085205,1.910090684890747
175,358400,0.25,0.7982110977172852,2580.84308052063,901.85,851.08608922,358400,0.0236494280397892,141,0.7786702364683151,1.9021309614181519
176,360448,0.3125,0.3668171167373657,2597.5324993133545,901.85,854.46209011,360448,0.030347559601068497,122,0.0811113715171814,1.8910950422286987
177,362496,0.359375,0.563398003578186,2615.9772696495056,901.85,857.4691021399999,362496,0.025002632290124893,111,0.20835262537002563,1.8763550519943237
178,364544,0.4375,0.4423132538795471,2634.752935886383,901.85,860.9059917199999,364544,0.029549887403845787,109,0.12218886613845825,1.8370250463485718
179,366592,0.296875,0.35835546255111694,2652.8673346042633,901.85,866.99697257,366592,0.020053571090102196,113,0.09351503849029541,1.8109346628189087
180,368640,0.328125,0.29640185832977295,2670.707235097885,901.85,870.7152850500001,368640,0.026734253391623497,114,-0.013804078102111816,1.7399183511734009
181,370688,0.34375,0.4014618396759033,2687.779552459717,904.52,877.3597372199999,370688,0.023350119590759277,119,0.09298253059387207,1.7139226198196411
182,372736,0.375,0.46718645095825195,2706.011449813843,899.58,877.47731699,372736,0.12527631223201752,112,0.4252049922943115,1.6959068775177002
183,374784,0.4375,0.8077109307050705,2721.5993711948395,892.55,873.1832375900001,374784,0.03761705756187439,131,0.7467024922370911,1.7129472494125366
184,376832,0.359375,0.32165783643722534,2737.0494709014893,892.55,877.7856428800001,376832,0.04350084811449051,132,-0.057579636573791504,1.6789131164550781
185,378880,0.390625,0.42295247316360474,2754.0222158432007,896.46,885.9471426700001,378880,0.03352535516023636,120,0.018807172775268555,1.6699728965759277
186,380928,0.28125,0.44543105363845825,2771.3749883174896,896.46,890.8117298799999,380928,0.02803783304989338,118,0.24297016859054565,1.6489554643630981
187,382976,0.265625,0.6704314351081848,2786.75795006752,888.27,888.6144211400001,382976,0.02699369005858898,133,0.5938626527786255,1.6307775974273682
188,385024,0.375,0.44766515493392944,2802.3511090278625,888.27,892.9834600799998,385024,0.026151683181524277,131,0.16355150938034058,1.6117503643035889
189,387072,0.28125,0.5270950496196747,2821.600068807602,892.51,901.29996861,387072,0.03103039599955082,106,0.5226200520992279,1.5757213830947876
190,389120,0.3125,0.7268974483013153,2837.0729529857635,884.33,898.6732854,389120,0.019225360825657845,132,0.6686731278896332,1.572217345237732
191,391168,0.390625,0.4593347907066345,2855.305772304535,884.33,903.04682754,391168,0.036064907908439636,112,0.06814444065093994,1.5357658863067627
192,393216,0.453125,0.3928230404853821,2870.050624370575,876.09,899.80034147,393216,0.0371943861246109,138,0.2906567454338074,1.487133502960205
193,395264,0.296875,0.4830881953239441,2883.9372754096985,869.54,898.8449862600002,395264,0.029894590377807617,147,0.4179067015647888,1.461029052734375
194,397312,0.375,0.40481650829315186,2898.562824010849,873.23,906.7239210700001,397312,0.03877357020974159,140,0.05549043416976929,1.4370135068893433
195,399360,0.484375,0.36418700218200684,2913.071934700012,873.23,911.35480606,399360,0.049977563321590424,141,0.03674125671386719,1.3927111625671387
196,401408,0.375,0.3381662368774414,2927.6396486759186,873.23,915.7348344999998,401408,0.05027037858963013,140,0.12947791814804077,1.3487874269485474
197,403456,0.296875,0.4303690791130066,2942.0052757263184,872.32,918.8953248700001,403456,0.02830633893609047,142,0.49364173412323,1.3232269287109375
198,405504,0.484375,0.322556734085083,2957.9268550872803,872.32,923.46029375,405504,0.043412063270807266,128,0.008596062660217285,1.3058491945266724
199,407552,0.421875,0.33370643854141235,2975.3888623714447,872.32,927.4803704799998,407552,0.03150303289294243,117,-0.005579471588134766,1.2674025297164917
200,409600,0.453125,0.3222928047180176,2992.468926668167,872.32,931.9063169,409600,0.047058455646038055,119,-0.01494288444519043,1.2546573877334595
201,411648,0.3125,0.35654890537261963,3009.481796503067,875.65,939.8885664,411648,0.02245837077498436,120,0.10453331470489502,1.230932354927063
202,413696,0.453125,0.38448065519332886,3027.0488283634186,875.65,945.28910898,413696,0.032480742782354355,116,0.4700503945350647,1.1628714799880981
203,415744,0.328125,0.3254925012588501,3045.2928383350372,875.65,950.6539296499999,415744,0.02607598900794983,112,0.10848098993301392,1.129746437072754
204,417792,0.578125,0.2681174874305725,3063.0067455768585,875.65,956.0824299300001,417792,0.05778352916240692,115,0.2568070888519287,1.0688544511795044
205,419840,0.328125,0.2726547122001648,3080.189905643463,875.65,960.9030627699999,419840,0.02657611481845379,119,0.029069483280181885,1.0497530698776245
206,421888,0.34375,0.27849435806274414,3096.431252717972,880.16,970.06527076,421888,0.02623792178928852,126,0.18455541133880615,1.0144082307815552
207,423936,0.375,0.7240668833255768,3115.633401155472,878.85,971.5197315800001,423936,0.0369374081492424,106,0.6574791371822357,0.9591338634490967
208,425984,0.484375,0.19620764255523682,3135.50311088562,891.72,991.97286505,425984,0.04386649280786514,103,0.002245306968688965,0.9417569637298584
209,428032,0.4375,0.285234272480011,3154.796523332596,891.72,996.80811512,428032,0.05943314731121063,106,0.11095142364501953,0.9070949554443359
210,430080,0.515625,0.31401175260543823,3173.5504524707794,891.72,1001.5527012799998,430080,0.04602576792240143,109,0.05419641733169556,0.9201040267944336
211,432128,0.34375,0.29838502407073975,3190.6423559188843,901.83,1017.1161548700001,432128,0.026737693697214127,119,0.06209516525268555,0.9167264699935913
212,434176,0.359375,0.3015851378440857,3208.7339990139008,901.83,1022.9033867300001,434176,0.03519102931022644,113,-0.029808759689331055,0.8823732137680054
213,436224,0.453125,0.3233553171157837,3223.7585320472717,910.26,1036.47243646,436224,0.058445848524570465,136,0.015111684799194336,0.8390953540802002
214,438272,0.4375,0.3376254439353943,3239.0914313793182,919.33,1051.14619722,438272,0.03492310643196106,133,0.09887760877609253,0.831129789352417
215,440320,0.28125,0.34202224016189575,3253.7394556999207,919.33,1056.14850814,440320,0.02027471736073494,139,0.1972610354423523,0.7928454875946045
216,442368,0.28125,0.43760794401168823,3268.0563802719116,912.63,1055.47841487,442368,0.021982867270708084,143,0.43144041299819946,0.7762186527252197
217,444416,0.390625,0.27814483642578125,3285.6627378463745,921.38,1070.48650345,444416,0.028967754915356636,116,0.13563144207000732,0.730542778968811
218,446464,0.375,0.2995982766151428,3303.217041492462,921.38,1076.00391062,446464,0.04035842418670654,116,0.1083783507347107,0.702414870262146
219,448512,0.4375,0.5185977816581726,3317.9124779701233,916.78,1074.8096444200003,448512,0.03864163160324097,139,0.653323233127594,0.6903294324874878
220,450560,0.40625,0.30663347244262695,3332.9196586608887,924.43,1088.25046031,450560,0.034574463963508606,136,0.16719138622283936,0.6813510656356812
221,452608,0.4375,0.2506406307220459,3348.01033782959,932.79,1102.5960754500002,452608,0.04175115376710892,135,0.15074867010116577,0.6599568128585815
222,454656,0.328125,0.3346711993217468,3365.0980994701385,932.79,1108.5893537700001,454656,0.03419432044029236,119,0.07211267948150635,0.6486256122589111
223,456704,0.390625,0.6686228811740875,3379.500759124756,925.11,1107.4389208,456704,0.033651869744062424,142,0.5638530552387238,0.6235895156860352
224,458752,0.4375,0.2925429344177246,3394.471153974533,925.11,1112.90837438,458752,0.029428187757730484,136,0.001514434814453125,0.5840228796005249
225,460800,0.390625,0.3335918188095093,3409.7283070087433,925.11,1118.04427846,460800,0.031694747507572174,134,0.11406177282333374,0.573617696762085
226,462848,0.5,0.3687596321105957,3426.375327348709,925.11,1122.9017050699997,462848,0.04002378135919571,123,0.00931704044342041,0.5427958965301514
227,464896,0.390625,0.32796961069107056,3441.770210504532,925.11,1127.7135841099998,464896,0.03553130477666855,133,0.06206780672073364,0.5138620138168335
228,466944,0.375,0.28612303733825684,3459.1688883304596,933.64,1142.13543582,466944,0.03180926665663719,117,0.1340373158454895,0.5117284059524536
229,468992,0.359375,0.3459353446960449,3477.35178899765,940.67,1155.5587154300001,468992,0.034246452152729034,112,-0.004102945327758789,0.5217348337173462
230,471040,0.359375,0.3314037322998047,3496.4714167118073,940.67,1160.44840495,471040,0.035625800490379333,107,0.08310854434967041,0.5096168518066406
231,473088,0.328125,0.29049670696258545,3516.277921438217,940.67,1167.8512509299999,473088,0.03384511172771454,103,0.04256242513656616,0.46077990531921387
232,475136,0.390625,0.5236725509166718,3531.9864449501038,938.05,1168.54140895,475136,0.06020200252532959,130,0.5882586538791656,0.4066680669784546
233,477184,0.453125,0.33641964197158813,3546.5832266807556,946.24,1182.5441956499997,477184,0.049700118601322174,140,-0.01694464683532715,0.38787841796875
234,479232,0.5,0.5767622292041779,3561.4195878505707,941.0,1182.76944807,479232,0.05359283462166786,138,0.5756046175956726,0.3686404228210449
235,481280,0.46875,0.3127126097679138,3579.468363761902,941.0,1187.7145797899998,481280,0.05082476884126663,113,0.07757383584976196,0.36001694202423096
236,483328,0.453125,0.316051185131073,3598.301658153534,949.18,1202.63885918,483328,0.055728986859321594,108,0.0042629241943359375,0.3561595678329468
237,485376,0.390625,0.2733317017555237,3615.8296360969543,949.18,1208.07347349,485376,0.03402382880449295,116,0.08797669410705566,0.3371853828430176
238,487424,0.296875,0.2384929060935974,3632.282665491104,957.42,1223.79103239,487424,0.027968693524599075,124,0.04954516887664795,0.31192684173583984
239,489472,0.453125,0.3083741068840027,3647.4142212867737,957.42,1228.75763744,489472,0.04273398220539093,135,0.011364877223968506,0.3329141139984131
240,491520,0.5,0.26744717359542847,3662.8064770698547,963.97,1242.45854571,491520,0.049671340733766556,133,0.06724274158477783,0.28816306591033936
241,493568,0.375,0.28645557165145874,3678.3101012706757,963.97,1248.3648376200001,493568,0.03247382491827011,132,0.02429753541946411,0.2813279628753662
242,495616,0.546875,0.2787066698074341,3693.0604972839355,963.97,1253.69523355,495616,0.04230578616261482,138,-0.01628422737121582,0.25812244415283203
243,497664,0.375,0.29544270038604736,3707.929016828537,963.97,1258.91247843,497664,0.029363933950662613,137,0.024851441383361816,0.2555006742477417
244,499712,0.40625,0.3502628803253174,3723.0971031188965,964.88,1265.07724424,499712,0.03681240230798721,135,0.05189871788024902,0.25010383129119873
245,501760,0.46875,0.25804609060287476,3738.1823723316193,964.88,1270.97527831,501760,0.032060641795396805,135,0.010091006755828857,0.2226320505142212
246,503808,0.375,0.3285965323448181,3752.645172595978,964.88,1275.8028700799998,503808,0.03448405861854553,141,-0.011595845222473145,0.2322303056716919
247,505856,0.359375,0.6450450122356415,3767.0123686790466,956.13,1270.2424928499997,505856,0.027661727741360664,142,0.5134259760379791,0.24320721626281738
248,507904,0.5,0.37842899560928345,3781.593006849289,956.13,1275.46936797,507904,0.04440631344914436,140,0.019435524940490723,0.20375573635101318
249,509952,0.46875,0.35163313150405884,3795.984541416168,956.13,1280.85869184,509952,0.06150773912668228,142,0.11308616399765015,0.1758265495300293
250,512000,0.578125,0.30053770542144775,3810.4857308864594,956.13,1285.95183166,512000,0.05983481556177139,141,0.01613771915435791,0.14378058910369873
251,514048,0.421875,0.28795719146728516,3825.005075454712,956.13,1291.41432811,514048,0.030050454661250114,141,0.019677817821502686,0.09236109256744385
252,516096,0.515625,0.30296438932418823,3839.7535462379456,956.13,1297.6260817,516096,0.05337287858128548,138,0.015394508838653564,0.01892530918121338
253,518144,0.359375,0.3610825538635254,3855.1649878025055,956.13,1303.2107526,518144,0.04455280303955078,132,0.05193859338760376,-0.020017147064208984
254,520192,0.328125,0.3149522542953491,3872.55282664299,963.66,1318.3819520700001,520192,0.029615547508001328,117,0.01326841115951538,-0.04703664779663086
255,522240,0.359375,0.3379952311515808,3889.6626114845276,963.66,1323.9088376499997,522240,0.03620275482535362,119,-0.005449891090393066,-0.0690239667892456
256,524288,0.46875,0.7959385961294174,3903.1620264053345,940.97,1301.97687002,524288,0.0413937047123909,151,0.7561966478824615,-0.06298947334289551
257,526336,0.390625,0.7193286716938019,3919.286968946457,940.97,1305.9775488,526336,0.05180735886096954,127,0.647569864988327,-0.1023101806640625
258,528384,0.421875,0.34531307220458984,3935.2528536319733,940.97,1311.0865205,528384,0.049933549016714096,128,0.06615519523620605,-0.12534844875335693
259,530432,0.359375,0.26392167806625366,3949.7943341732025,940.97,1316.4076120099999,530432,0.03188817948102951,140,0.02828240394592285,-0.18200111389160156
260,532480,0.28125,0.7995104640722275,3967.453510284424,935.98,1313.7740592000002,532480,0.028847193345427513,115,0.7873245626688004,-0.23864507675170898
261,534528,0.421875,0.4459124207496643,3985.0238637924194,935.98,1319.45081447,534528,0.03149450570344925,116,0.1148383617401123,-0.2768803834915161
262,536576,0.453125,0.3768901228904724,4004.381007671356,942.68,1335.6158447200003,536576,0.050703100860118866,105,0.13563477993011475,-0.2275834083557129
263,538624,0.421875,0.3862476348876953,4022.5399267673492,942.68,1340.6597374399998,538624,0.03951331228017807,112,0.03890436887741089,-0.26652514934539795
264,540672,0.40625,0.6944265365600586,4039.5921790599823,937.78,1340.13605498,540672,0.057470571249723434,120,0.5595706403255463,-0.27647292613983154
265,542720,0.4375,0.3061707019805908,4057.155505180359,937.78,1345.8212119099999,542720,0.03865445405244827,116,0.04015892744064331,-0.2864891290664673
266,544768,0.4375,0.48655086755752563,4075.735315799713,928.07,1338.2281980899998,544768,0.060191065073013306,110,0.3384477496147156,-0.30667853355407715
267,546816,0.453125,0.5754132270812988,4093.5803773403168,908.75,1316.87418129,546816,0.07870118319988251,114,0.5345069169998169,-0.3500744104385376
268,548864,0.5,0.3257445693016052,4111.801310777664,916.43,1331.36777225,548864,0.04366380348801613,112,0.2822113037109375,-0.3519855737686157
269,550912,0.421875,0.7356447875499725,4128.200174808502,900.74,1313.28411445,550912,0.037491362541913986,124,0.7170076072216034,-0.3906179666519165
270,552960,0.375,0.26902151107788086,4145.770666360855,900.74,1317.7195866299999,552960,0.032878875732421875,116,0.1217813491821289,-0.4094468355178833
271,555008,0.5,0.28407275676727295,4162.647812843323,900.74,1322.76353877,555008,0.057050541043281555,121,0.011733949184417725,-0.4408848285675049
272,557056,0.515625,0.5160917043685913,4180.088052034378,891.08,1314.99158148,557056,0.04572058841586113,117,0.4205697178840637,-0.4705936908721924
273,559104,0.53125,0.26282989978790283,4196.335294485092,891.08,1320.6271350999998,559104,0.039173513650894165,126,0.009611964225769043,-0.5123156309127808
274,561152,0.46875,0.2632644772529602,4215.627038478851,891.08,1326.2847865,561152,0.033573102205991745,106,0.004764914512634277,-0.5612958669662476
275,563200,0.453125,0.20868206024169922,4237.281551837921,891.08,1335.00652425,563200,0.04910857975482941,94,0.02115035057067871,-0.5682429075241089
276,565248,0.375,0.5822481513023376,4256.358066558838,884.11,1330.93709149,565248,0.03178763762116432,107,0.5052718818187714,-0.5615333318710327
277,567296,0.46875,0.2764596939086914,4274.822947025299,890.1,1344.5660988900001,567296,0.03930119425058365,110,0.007734239101409912,-0.5841937065124512
278,569344,0.46875,0.22448962926864624,4291.964850187302,890.1,1349.18895373,569344,0.04440118744969368,119,-0.012901544570922852,-0.5692424774169922
279,571392,0.390625,0.26190710067749023,4309.007285356522,890.1,1353.5796698600002,571392,0.05824718251824379,120,0.07909607887268066,-0.5499168634414673
280,573440,0.4375,0.2703865170478821,4326.923155784607,890.1,1358.44587314,573440,0.04756266623735428,114,0.00606614351272583,-0.5654947757720947
281,575488,0.453125,0.2863914370536804,4343.697822332382,890.1,1361.94841053,575488,0.041972190141677856,122,0.20396262407302856,-0.596643328666687
282,577536,0.484375,0.6146716177463531,4359.236378192902,880.46,1352.7363611399999,577536,0.05762573704123497,131,0.46553146839141846,-0.5856797695159912
283,579584,0.578125,0.2578943967819214,4375.501735448837,880.46,1357.0637785199997,579584,0.05821588635444641,125,-0.019522428512573242,-0.6294993162155151
284,581632,0.375,0.20139682292938232,4390.2434005737305,880.46,1361.1724867699998,581632,0.04855163395404816,138,0.0283697247505188,-0.6403595209121704
285,583680,0.484375,0.2882236838340759,4404.943839550018,880.46,1366.0079705499998,583680,0.03500378131866455,139,-0.0008972883224487305,-0.6762831211090088
286,585728,0.453125,0.7241379618644714,4419.14794588089,852.14,1329.06886185,585728,0.06466613709926605,144,0.6638833582401276,-0.6754505634307861
287,587776,0.375,0.3425220847129822,4433.7509644031525,852.14,1333.2845465199998,587776,0.03258155286312103,140,0.055390119552612305,-0.6841338872909546
288,589824,0.453125,0.2615854740142822,4448.301769256592,852.14,1338.6732312,589824,0.051896654069423676,140,0.08541494607925415,-0.7065762281417847
289,591872,0.4375,0.26933562755584717,4462.555120944977,860.89,1355.49297066,591872,0.040575720369815826,143,0.02205413579940796,-0.7284524440765381
290,593920,0.484375,0.5897079706192017,4476.651009082794,851.69,1345.22752295,593920,0.04235526919364929,145,0.5164029002189636,-0.6963245868682861
291,595968,0.40625,0.7749310582876205,4490.486044883728,843.61,1338.1226839800001,595968,0.0594627819955349,148,0.786953330039978,-0.7026976346969604
292,598016,0.359375,0.26631492376327515,4505.166228055954,843.61,1342.3218332300003,598016,0.042020171880722046,139,0.035576581954956055,-0.7457767724990845
293,600064,0.4375,0.7655316740274429,4519.8171043396,806.16,1287.1144451,600064,0.046294473111629486,139,0.756753534078598,-0.7349503040313721
294,602112,0.421875,0.20597678422927856,4537.658826828003,806.16,1291.68473199,602112,0.04868287593126297,114,-0.001271367073059082,-0.736564040184021
295,604160,0.453125,0.8291576951742172,4553.758363723755,815.08,1308.2902927300001,604160,0.03932024911046028,127,0.7805985361337662,-0.7635122537612915
296,606208,0.4375,0.26855283975601196,4568.583518505096,828.49,1333.7598076900001,606208,0.051324643194675446,138,0.03872948884963989,-0.7874798774719238
297,608256,0.546875,0.6626735329627991,4584.441050767899,828.49,1337.0659409600003,608256,0.051032904535532,129,0.6089098751544952,-0.8041471242904663
298,610304,0.453125,0.702716588973999,4599.282901287079,818.04,1324.80097996,610304,0.05464243143796921,137,0.7103238105773926,-0.8376202583312988
299,612352,0.484375,0.22734826803207397,4613.783025979996,818.04,1328.67626419,612352,0.03723645955324173,141,0.03482598066329956,-0.89143967628479
300,614400,0.4375,0.19280028343200684,4628.520220279694,823.03,1340.6099996000003,614400,0.03963446989655495,138,0.024760186672210693,-0.9208015203475952
301,616448,0.375,0.6599708199501038,4642.940477132797,813.56,1329.73377581,616448,0.03575592115521431,142,0.5807847678661346,-0.9389708042144775
302,618496,0.4375,0.2188246250152588,4657.582311153412,813.56,1333.8259735800002,618496,0.04479694366455078,139,0.009656667709350586,-0.9544811248779297
303,620544,0.4375,0.5650424957275391,4672.067936897278,808.88,1331.0208167200003,620544,0.03847081586718559,141,0.525079071521759,-0.9522256851196289
304,622592,0.484375,0.7435828447341919,4686.82341003418,814.0,1341.7363080700002,622592,0.05911225080490112,138,0.74491748213768,-0.9755582809448242
305,624640,0.53125,0.17133653163909912,4701.231759548187,814.0,1344.60286399,624640,0.07549548149108887,142,0.02491229772567749,-0.9912474155426025
306,626688,0.5,0.6375285685062408,4715.56902551651,814.25,1348.0520391200002,626688,0.07751104235649109,142,0.5893853008747101,-1.0407379865646362
307,628736,0.5,0.21878236532211304,4730.007682085037,823.91,1366.5912190900003,628736,0.06399787962436676,141,0.06239187717437744,-1.0507495403289795
308,630784,0.453125,0.19786065816879272,4744.526736974716,833.57,1386.3499566399998,630784,0.045671381056308746,141,0.12442940473556519,-1.059293270111084
309,632832,0.421875,0.5726042985916138,4759.014122009277,829.91,1383.3615216599999,632832,0.04018809646368027,141,0.47925376892089844,-1.097522258758545
310,634880,0.328125,0.17835086584091187,4774.385355234146,839.62,1402.63072764,634880,0.041555799543857574,133,0.019844353199005127,-1.118545413017273
311,636928,0.46875,0.17128992080688477,4790.3303599357605,839.62,1406.9207677700003,636928,0.039774518460035324,128,0.017279744148254395,-1.1685360670089722
312,638976,0.484375,0.5674361884593964,4805.477388143539,830.0,1394.3807946300003,638976,0.049493953585624695,135,0.5018806755542755,-1.2294834852218628
313,641024,0.546875,0.6197260916233063,4821.524896621704,830.19,1398.1815832099999,641024,0.06090548634529114,127,0.5769208669662476,-1.2405824661254883
314,643072,0.390625,0.17592394351959229,4839.722531795502,830.19,1401.35075176,643072,0.03431016951799393,112,0.04720938205718994,-1.2749474048614502
315,645120,0.5,0.12320601940155029,4856.767436265945,830.19,1404.0236938400003,645120,0.04464545100927353,120,0.021449267864227295,-1.2878426313400269
316,647168,0.5,0.08088517189025879,4876.462182044983,830.19,1406.74395561,647168,0.06035526096820831,103,0.07300716638565063,-1.313372015953064
317,649216,0.375,0.1531485915184021,4894.6438755989075,839.78,1427.20675902,649216,0.02955915406346321,112,0.009199559688568115,-1.353939414024353
318,651264,0.453125,0.620651513338089,4912.77427315712,830.28,1414.2949163100002,651264,0.04988851398229599,112,0.5831111073493958,-1.3848820924758911
319,653312,0.546875,0.15886032581329346,4931.158599853516,830.28,1417.5954679600002,653312,0.07251275330781937,111,-0.004936933517456055,-1.3946728706359863
320,655360,0.640625,0.163860023021698,4950.093042135239,830.28,1421.0043622500002,655360,0.09308367967605591,108,0.049176692962646484,-1.4156055450439453
321,657408,0.484375,0.5618327558040619,4968.685111522675,820.7,1408.13326061,657408,0.06533150374889374,110,0.5223147571086884,-1.4484530687332153
322,659456,0.515625,0.6201700270175934,4985.671854972839,820.85,1410.71071221,659456,0.048811234533786774,120,0.5976980626583099,-1.4671787023544312
323,661504,0.5,0.6797866821289062,5003.0860822200775,801.59,1381.04527892,661504,0.056230880320072174,117,0.6603550314903259,-1.4846655130386353
324,663552,0.46875,0.8613234162330627,5017.852924585342,783.87,1351.7451340599998,663552,0.0673968493938446,138,0.8885868936777115,-1.5027414560317993
325,665600,0.421875,0.087299644947052,5035.409610509872,802.74,1385.9621175300001,665600,0.0445634201169014,116,-0.02517557144165039,-1.500241756439209
326,667648,0.46875,0.6429970860481262,5052.782440662384,792.88,1372.6599438499998,667648,0.059175144881010056,117,0.6441504657268524,-1.5270634889602661
327,669696,0.546875,0.12179559469223022,5071.031018733978,792.88,1375.2904289699998,669696,0.04666896164417267,112,0.0027605295181274414,-1.5437346696853638
328,671744,0.515625,0.4984816908836365,5089.182400465012,783.2,1361.6276921299996,671744,0.05462236329913139,112,0.4965111017227173,-1.5969548225402832
329,673792,0.390625,0.6918699741363525,5107.738614559174,782.85,1361.8361520399997,673792,0.051120955497026443,110,0.6670253872871399,-1.6206594705581665
330,675840,0.453125,0.1425301432609558,5127.062520503998,790.93,1379.63060768,675840,0.04246729984879494,105,0.07760244607925415,-1.6742380857467651
331,677888,0.3125,0.7064924240112305,5144.658103466034,780.9,1364.4090362199997,677888,0.03139868378639221,116,0.6871672868728638,-1.7008519172668457
332,679936,0.484375,0.6192707419395447,5164.280820608139,799.49,1398.5790546599999,679936,0.06740370392799377,104,0.6329668462276459,-1.721077561378479
333,681984,0.5,0.7998270988464355,5180.441146850586,732.18,1281.57955619,681984,0.04297282174229622,126,0.8494336009025574,-1.744823694229126
334,684032,0.375,0.5851471722126007,5196.113986730576,732.99,1284.1965293399996,684032,0.049813032150268555,130,0.5755777060985565,-1.7565646171569824
335,686080,0.5625,-0.009955406188964844,5213.797119617462,732.99,1284.91680782,686080,0.06306142359972,115,0.02342522144317627,-1.7603027820587158
336,688128,0.5625,0.7279324233531952,5231.142102241516,713.88,1251.2963578500003,688128,0.09999153763055801,118,0.7242526113986969,-1.767477035522461
337,690176,0.359375,0.740476131439209,5247.6613557338715,699.25,1225.5134510199998,690176,0.05517967417836189,123,0.7512831389904022,-1.8052254915237427
338,692224,0.578125,0.7041153907775879,5262.227839708328,674.59,1183.4617054,692224,0.06973124295473099,140,0.7249360978603363,-1.860318899154663
339,694272,0.609375,0.6672883331775665,5277.052843809128,674.67,1185.9523241900001,694272,0.06342962384223938,138,0.6537328958511353,-1.8910071849822998
340,696320,0.609375,0.81181600689888,5291.007385730743,636.36,1118.77150767,696320,0.08767378330230713,146,0.8118478059768677,-1.886139988899231
341,698368,0.421875,0.7564861476421356,5304.876943588257,617.38,1085.1041171799998,698368,0.04416564851999283,147,0.7796055376529694,-1.9268523454666138
342,700416,0.578125,0.6174349188804626,5319.122083187103,617.4,1085.4936887,700416,0.06611603498458862,143,0.576731264591217,-1.9041553735733032
343,702464,0.5625,0.7969898730516434,5333.244907855988,588.35,1033.1224582,702464,0.06212823837995529,145,0.8082024157047272,-1.9204555749893188
344,704512,0.484375,0.026338040828704834,5347.819391965866,588.35,1032.7599375099999,704512,0.06221985071897507,140,-0.005902528762817383,-1.9682958126068115
345,706560,0.484375,0.6717298626899719,5361.992716550827,569.0,997.42338724,706560,0.08179767429828644,144,0.6731260716915131,-1.9685388803482056
346,708608,0.515625,0.06671082973480225,5376.615024805069,578.5,1015.3787263700001,708608,0.04492940008640289,140,-0.018262386322021484,-1.952948808670044
347,710656,0.34375,0.6294817626476288,5390.651436328888,559.05,981.1324359799999,710656,0.031247135251760483,145,0.6407241225242615,-1.9746567010879517
348,712704,0.453125,0.8383298963308334,5404.161163330078,520.56,912.64448904,712704,0.038673244416713715,151,0.860909029841423,-2.024275779724121
349,714752,0.5,0.7527883946895599,5418.728930950165,521.49,915.3150232799999,714752,0.05703050643205643,140,0.7258026003837585,-2.04061222076416
350,716800,0.4375,0.6875311732292175,5433.802395582199,509.57,894.7854217,716800,0.04526136443018913,135,0.7072375416755676,-2.040134906768799
351,718848,0.484375,0.7102900445461273,5449.709447383881,509.64,895.0315846799998,718848,0.05976799502968788,128,0.7085435390472412,-2.0379698276519775
352,720896,0.421875,0.645725667476654,5464.806901216507,500.09,878.4623977,720896,0.04435195028781891,135,0.7177276313304901,-2.0444517135620117
353,722944,0.40625,0.597590446472168,5483.244675159454,500.1,880.5727662600001,722944,0.03053220547735691,111,0.6124861538410187,-2.047207832336426
354,724992,0.5,0.8098060041666031,5499.558789968491,481.39,847.4643745100002,724992,0.05755019932985306,125,0.7850629538297653,-2.0671186447143555
355,727040,0.65625,0.05567282438278198,5516.0334260463715,500.57,883.6911566600002,727040,0.0826251432299614,124,0.09080904722213745,-2.05678129196167
356,729088,0.484375,0.8135698884725571,5529.965955018997,486.26,857.3175250500001,729088,0.05526520311832428,147,0.8258006274700165,-2.058013916015625
357,731136,0.5,0.8422484844923019,5544.012574195862,506.43,894.25847872,731136,0.09744726121425629,145,0.8486609011888504,-2.0561208724975586
358,733184,0.578125,0.08288609981536865,5558.71355175972,516.16,912.9866386099999,733184,0.06945493072271347,139,-0.011247754096984863,-2.022818088531494
359,735232,0.671875,-0.04894912242889404,5573.483418941498,525.8,931.25528543,735232,0.07331651449203491,138,-0.00949859619140625,-2.031306743621826
360,737280,0.53125,0.07744824886322021,5588.081807851791,525.8,933.2891360799999,737280,0.09336336702108383,140,0.012864351272583008,-2.028322696685791
361,739328,0.5,0.6696006655693054,5602.370861291885,516.11,917.1101256299999,739328,0.03402342647314072,143,0.6663312911987305,-2.042463779449463
362,741376,0.484375,0.6563234627246857,5616.688836097717,516.14,918.36454104,741376,0.07097697257995605,143,0.6149470806121826,-2.0426061153411865
363,743424,0.5625,0.699050784111023,5631.385488510132,534.88,954.12650101,743424,0.07057388126850128,139,0.6678594350814819,-2.057403326034546
364,745472,0.515625,0.08864516019821167,5646.11080121994,544.53,972.8651082900001,745472,0.05042341351509094,139,0.0025415420532226562,-2.024811029434204
365,747520,0.53125,0.06677645444869995,5661.25088262558,563.81,1009.6427883300001,747520,0.062312688678503036,135,0.01938176155090332,-2.0638887882232666
366,749568,0.53125,0.1310136318206787,5676.054586172104,573.57,1028.67623089,749568,0.06342850625514984,138,0.026476502418518066,-2.0787739753723145
367,751616,0.5625,0.6938865780830383,5690.201194286346,574.34,1029.54980066,751616,0.07121865451335907,144,0.7262026965618134,-2.048659324645996
368,753664,0.5625,0.07895427942276001,5705.185424566269,583.63,1048.4163938600002,753664,0.09354450553655624,136,0.048509299755096436,-2.085623264312744
369,755712,0.46875,0.5181449353694916,5719.5022149086,593.34,1066.65824156,755712,0.05669628456234932,143,0.4427529573440552,-2.094560146331787
370,757760,0.515625,0.04373210668563843,5734.85898399353,593.34,1068.1257715100003,757760,0.09677038341760635,133,0.012635588645935059,-2.1243724822998047
371,759808,0.484375,0.04759711027145386,5749.860817909241,612.39,1104.82481118,759808,0.08298029005527496,136,0.011163532733917236,-2.128711700439453
372,761856,0.625,0.08462738990783691,5766.966493606567,621.96,1124.3501154799999,761856,0.08795185387134552,119,0.016491711139678955,-2.149484395980835
373,763904,0.4375,0.5066206157207489,5784.015657186508,621.94,1125.12456651,763904,0.038639653474092484,120,0.5196434259414673,-2.2067065238952637
374,765952,0.6875,0.6570055186748505,5798.490740537643,637.81,1154.87085427,765952,0.09181922674179077,141,0.682380735874176,-2.244594097137451
375,768000,0.625,0.5299371778964996,5815.24689745903,637.65,1155.95671395,768000,0.07214003056287766,122,0.5355336368083954,-2.232307195663452
376,770048,0.421875,0.09312224388122559,5831.694877624512,647.34,1173.92379891,770048,0.04648609459400177,124,0.036359965801239014,-2.2180087566375732
377,772096,0.484375,0.10211533308029175,5848.193345308304,657.0,1193.3519420299997,772096,0.05088692903518677,124,0.030376076698303223,-2.1532464027404785
378,774144,0.5625,0.5268762111663818,5862.868515014648,647.4,1175.4333089099998,774144,0.07208896428346634,139,0.5475737452507019,-2.1673436164855957
379,776192,0.53125,0.6886991262435913,5877.518805503845,652.9,1185.1520129399998,776192,0.044422686100006104,139,0.7163711190223694,-2.1585240364074707
380,778240,0.421875,0.7299184203147888,5891.142622232437,664.27,1206.03546854,778240,0.046579450368881226,150,0.7423193454742432,-2.173318386077881
381,780288,0.4375,0.5509703159332275,5905.453724622726,673.87,1224.7639155,780288,0.04376012831926346,143,0.5633095502853394,-2.1736176013946533
382,782336,0.53125,0.09933018684387207,5920.187497854233,683.56,1243.17074697,782336,0.06779739260673523,139,0.01567023992538452,-2.191624164581299
383,784384,0.53125,0.13702571392059326,5935.130174160004,692.82,1261.1376540499998,784384,0.04417113959789276,137,0.0037075281143188477,-2.181243419647217
384,786432,0.53125,0.07652240991592407,5949.888435125351,702.57,1279.8172751,786432,0.06438414007425308,138,0.04907870292663574,-2.173574924468994
385,788480,0.671875,0.1215699315071106,5965.115920782089,712.24,1298.7354138,788480,0.09047479927539825,134,-0.0012242794036865234,-2.1907379627227783
386,790528,0.359375,0.6229113638401031,5980.046040296555,722.01,1317.7519006999999,790528,0.05696037411689758,137,0.5861690938472748,-2.2016615867614746
387,792576,0.515625,0.12332427501678467,5996.990042686462,731.75,1336.26348424,792576,0.07364779710769653,120,0.015958011150360107,-2.2174952030181885
388,794624,0.453125,0.2073015570640564,6014.116774082184,731.75,1335.7268260800001,794624,0.05517697334289551,119,0.022159159183502197,-2.1819658279418945
389,796672,0.5,0.6008526980876923,6028.772015571594,742.29,1354.6913855800003,796672,0.06495703756809235,139,0.5819164514541626,-2.17391300201416
390,798720,0.4375,0.6521413922309875,6044.116567850113,742.4,1353.57369646,798720,0.06808436661958694,133,0.6124074161052704,-2.1839544773101807
391,800768,0.5625,0.11661505699157715,6059.37917470932,761.11,1388.76576285,800768,0.07709822058677673,134,0.00847095251083374,-2.2030558586120605
392,802816,0.453125,0.10823565721511841,6074.457865476608,761.11,1388.5007861700003,802816,0.04425565153360367,135,-0.0020200014114379883,-2.219576835632324
393,804864,0.578125,0.14217382669448853,6089.8058450222015,761.11,1388.50592922,804864,0.05059265345335007,133,0.05365347862243652,-2.269800901412964
394,806912,0.4375,0.6443568170070648,6104.844424009323,775.88,1416.64629284,806912,0.03803816810250282,136,0.6305541694164276,-2.2563271522521973
395,808960,0.421875,0.16089755296707153,6122.567495107651,785.53,1434.33588352,808960,0.04261782020330429,115,0.04392266273498535,-2.2763071060180664
396,811008,0.40625,0.11137324571609497,6138.982527256012,795.04,1451.7876268600003,811008,0.03988749161362648,124,0.14772146940231323,-2.286282539367676
397,813056,0.5625,0.17397421598434448,6156.254581451416,813.65,1485.8486476900005,813056,0.07426202297210693,118,0.1040613055229187,-2.304004192352295
398,815104,0.515625,0.09540218114852905,6175.241851568222,813.65,1486.1940611100001,815104,0.05351603031158447,107,-0.0018830299377441406,-2.287787675857544
399,817152,0.515625,0.06267422437667847,6194.877232074738,813.65,1486.2595741100001,817152,0.06230391189455986,104,0.02520507574081421,-2.317201852798462
400,819200,0.609375,0.6620415449142456,6214.242997169495,813.72,1486.2934969300002,819200,0.19239825010299683,105,0.6314740777015686,-2.3182592391967773
401,821248,0.546875,0.3420810103416443,6232.02622461319,813.77,1486.4586942899998,821248,0.08174005150794983,115,0.20284020900726318,-2.308983325958252
402,823296,0.46875,0.12427288293838501,6251.436511039734,823.26,1504.1734313199997,823296,0.05943229794502258,105,0.06525170803070068,-2.3244500160217285
403,825344,0.5625,0.6110055446624756,6268.209711313248,814.29,1486.91611844,825344,0.0681246817111969,122,0.5721464157104492,-2.3324618339538574
404,827392,0.375,0.559516429901123,6284.994720220566,804.62,1467.44134655,827392,0.0535934641957283,122,0.529608815908432,-2.3371481895446777
405,829440,0.5,0.7752191573381424,6299.206715345383,791.43,1442.1028184800002,829440,0.059692736715078354,144,0.7756280899047852,-2.3834762573242188
406,831488,0.59375,0.11791658401489258,6313.698463439941,800.04,1459.15531202,831488,0.08138193190097809,141,0.04182010889053345,-2.4028682708740234
407,833536,0.625,0.734957218170166,6327.797289609909,780.99,1423.1612861100002,833536,0.0720503032207489,145,0.7137635946273804,-2.4517297744750977
408,835584,0.5625,0.12705481052398682,6342.7609939575195,800.3,1460.8283992499998,835584,0.061578575521707535,136,0.009478151798248291,-2.4858765602111816
409,837632,0.484375,0.6987564861774445,6357.412538290024,790.89,1443.0130907199998,837632,0.04779838025569916,139,0.6369408369064331,-2.513381004333496
410,839680,0.453125,0.13878488540649414,6372.376856803894,790.89,1444.10782649,839680,0.05992143601179123,136,0.09462594985961914,-2.532144546508789
411,841728,0.46875,0.12379223108291626,6387.037149429321,790.89,1445.1231932499995,841728,0.04946029186248779,139,0.04218494892120361,-2.5240135192871094
412,843776,0.5625,0.17949992418289185,6401.46376824379,800.51,1464.2599422199999,843776,0.08640004694461823,141,0.09575003385543823,-2.5206923484802246
413,845824,0.5,0.7464490234851837,6416.09964132309,798.53,1461.3549036999998,845824,0.07115691900253296,139,0.7285813987255096,-2.487197160720825
414,847872,0.390625,0.7130756378173828,6433.414339065552,800.64,1466.96450532,847872,0.05191132053732872,118,0.7072164714336395,-2.5183868408203125
415,849920,0.515625,0.05426889657974243,6450.989826202393,810.29,1486.8009396500001,849920,0.07675515115261078,116,0.06750887632369995,-2.544921636581421
416,851968,0.484375,0.0905301570892334,6469.363933563232,810.29,1487.7043654,851968,0.04031932353973389,111,0.02888089418411255,-2.5724644660949707
417,854016,0.375,0.08115696907043457,6486.919614076614,810.29,1489.0489012099995,854016,0.044779226183891296,116,0.0014015436172485352,-2.546266555786133
418,856064,0.453125,0.16686540842056274,6504.5389449596405,819.89,1508.41331467,856064,0.06670698523521423,116,0.09093183279037476,-2.56488037109375
419,858112,0.53125,0.25208669900894165,6522.203540086746,824.19,1518.03862394,858112,0.06853381544351578,115,0.2908775806427002,-2.5932273864746094
420,860160,0.5,0.13480794429779053,6536.831358909607,833.84,1536.9142480599999,860160,0.05761478841304779,140,0.09881281852722168,-2.593458652496338
421,862208,0.5,0.12911611795425415,6551.308563232422,843.5,1556.6520611399997,862208,0.0957876443862915,141,0.024985313415527344,-2.6058573722839355
422,864256,0.515625,0.07573163509368896,6566.129652023315,860.74,1590.9357969000002,864256,0.0761643648147583,138,0.000542759895324707,-2.619749069213867
423,866304,0.375,0.06119877099990845,6581.005222558975,870.36,1610.72050195,866304,0.061085641384124756,137,0.00963139533996582,-2.6330361366271973
424,868352,0.359375,0.0721941590309143,6595.553261041641,870.36,1612.39128244,868352,0.03724612295627594,140,0.02256101369857788,-2.6114094257354736
425,870400,0.53125,0.13422423601150513,6609.971429109573,870.36,1613.6669843800003,870400,0.07297760993242264,142,0.020414292812347412,-2.6130456924438477
426,872448,0.484375,0.5855672061443329,6624.207271814346,860.77,1596.1294570799998,872448,0.06361206620931625,143,0.559576541185379,-2.62563419342041
427,874496,0.421875,0.11412769556045532,6638.85941696167,860.77,1597.02063465,874496,0.05464189127087593,139,0.017355501651763916,-2.657909870147705
428,876544,0.421875,0.11170995235443115,6653.3180022239685,870.17,1616.32264233,876544,0.03197072818875313,141,0.03775620460510254,-2.6923398971557617
429,878592,0.53125,0.1727234125137329,6668.897775411606,870.17,1617.75658791,878592,0.05964009836316109,131,0.06077086925506592,-2.6955575942993164
430,880640,0.4375,0.11949276924133301,6685.448399543762,870.17,1619.8184649800003,880640,0.030600178986787796,123,0.04725915193557739,-2.728653907775879
431,882688,0.640625,0.11951571702957153,6700.720129966736,870.17,1621.2306743399997,882688,0.1002759337425232,134,0.10534054040908813,-2.7231688499450684
432,884736,0.390625,0.5092803239822388,6715.853897809982,869.36,1622.7115233099998,884736,0.056662190705537796,135,0.4255434274673462,-2.770373582839966
433,886784,0.453125,0.12215328216552734,6731.841162204742,878.79,1642.74152284,886784,0.040267013013362885,128,0.07352954149246216,-2.7522363662719727
434,888832,0.484375,0.10344171524047852,6748.798448085785,878.79,1644.9526055000001,888832,0.05426312983036041,120,0.04007434844970703,-2.7553529739379883
435,890880,0.546875,0.05900043249130249,6766.63481426239,878.79,1647.0799849199998,890880,0.06816159188747406,114,0.035068511962890625,-2.747096538543701
436,892928,0.65625,0.03920459747314453,6785.585485696793,878.79,1649.9209852899999,892928,0.10933545231819153,108,-0.0055768489837646484,-2.7882771492004395
437,894976,0.4375,0.2664531469345093,6804.508719444275,888.04,1669.5407373,894976,0.051895685493946075,108,0.24895888566970825,-2.788661003112793
438,897024,0.515625,0.1576216220855713,6821.6884224414825,888.04,1671.5661707699996,897024,0.05433942377567291,119,0.08388227224349976,-2.8116745948791504
439,899072,0.5,0.2002267837524414,6838.711247682571,888.04,1673.4591429899997,899072,0.07456479966640472,120,0.09513479471206665,-2.8194518089294434
440,901120,0.5625,0.1643165946006775,6854.45467543602,888.04,1676.3013513899998,901120,0.06790539622306824,130,0.06785792112350464,-2.7998740673065186
441,903168,0.515625,0.23126137256622314,6869.690305948257,888.04,1678.4213280400002,903168,0.0636131688952446,134,0.1267908215522766,-2.8223888874053955
442,905216,0.578125,0.17847007513046265,6885.785923480988,888.04,1679.4486508999998,905216,0.09768282622098923,127,0.10769134759902954,-2.8479413986206055
443,907264,0.625,0.12897461652755737,6900.663238525391,888.04,1681.7584441500003,907264,0.07588561624288559,137,0.05724078416824341,-2.8156068325042725
444,909312,0.453125,0.15854543447494507,6915.695199966431,897.62,1701.6588491300001,909312,0.05817180126905441,136,0.0609898567199707,-2.8130037784576416
445,911360,0.515625,0.1547204852104187,6930.799761295319,907.2,1721.52887735,911360,0.07953546941280365,135,0.030698180198669434,-2.7698302268981934
446,913408,0.453125,0.11078774929046631,6945.565363168716,907.2,1723.9676379099997,913408,0.06067609041929245,138,0.017359912395477295,-2.7734546661376953
447,915456,0.40625,0.5101802349090576,6959.723130941391,900.09,1711.6734993,915456,0.045923732221126556,144,0.48526060581207275,-2.74221134185791
448,917504,0.5625,0.16806596517562866,6975.394546985626,909.45,1731.3263395199997,917504,0.07014697045087814,130,0.039679765701293945,-2.762540340423584
449,919552,0.484375,0.5582013130187988,6990.395394325256,909.62,1733.3739240099999,919552,0.06849589198827744,136,0.5337055623531342,-2.752811908721924
450,921600,0.453125,0.5874573290348053,7005.27943444252,913.21,1742.2198923199999,921600,0.04084385931491852,137,0.5408646166324615,-2.761354446411133
451,923648,0.46875,0.11025452613830566,7019.840752124786,913.21,1745.0143731299997,923648,0.05942288413643837,140,0.02115696668624878,-2.7297987937927246
452,925696,0.515625,0.1299864649772644,7034.938719034195,932.26,1782.8436697299996,925696,0.06778640300035477,135,0.04082602262496948,-2.7547872066497803
453,927744,0.515625,0.1481955647468567,7050.089624881744,932.26,1784.7014872500001,927744,0.06119285523891449,135,0.09721863269805908,-2.747903347015381
454,929792,0.40625,0.08863300085067749,7064.474669933319,932.26,1785.4991775499998,929792,0.058356478810310364,142,0.007017612457275391,-2.781541347503662
455,931840,0.5,0.1617816686630249,7078.822614431381,941.67,1804.3868734899995,931840,0.10263469815254211,142,0.04470425844192505,-2.829470157623291
456,933888,0.578125,0.6719248592853546,7092.762801885605,932.62,1786.30146578,933888,0.12701338529586792,146,0.6601385474205017,-2.839404582977295
457,935936,0.5,0.14972150325775146,7107.06261920929,932.62,1785.5392836299995,935936,0.1229984387755394,143,0.04626870155334473,-2.858144760131836
458,937984,0.515625,0.5798734128475189,7121.24511051178,925.03,1770.34499427,937984,0.06680897623300552,144,0.5573682487010956,-2.830012798309326
459,940032,0.53125,0.818264827132225,7135.0882930755615,912.92,1747.2942807700001,940032,0.043682895600795746,147,0.8268676400184631,-2.8817086219787598
460,942080,0.453125,0.22466391324996948,7154.072015047073,912.92,1747.3671621900003,942080,0.06061214581131935,107,0.09085780382156372,-2.8760759830474854
461,944128,0.46875,0.529517412185669,7172.67844414711,903.24,1729.59514075,944128,0.03744672238826752,110,0.5103407204151154,-2.880847454071045
462,946176,0.484375,0.0888109803199768,7190.897352218628,903.24,1730.5991759799997,946176,0.056174252182245255,112,0.014779865741729736,-2.8819689750671387
463,948224,0.515625,0.11780261993408203,7210.4397585392,903.24,1731.99559626,948224,0.06245183199644089,104,0.00874239206314087,-2.9195094108581543
464,950272,0.59375,0.1512964367866516,7229.7161366939545,903.24,1733.6750791100003,950272,0.046200670301914215,106,0.01513981819152832,-2.9499497413635254
465,952320,0.546875,0.16679328680038452,7246.907308101654,903.24,1734.62620141,952320,0.07087026536464691,119,0.015497267246246338,-2.9313201904296875
466,954368,0.515625,0.14669352769851685,7264.284301996231,903.24,1735.82666472,954368,0.04895062744617462,117,0.02607405185699463,-2.9130640029907227
467,956416,0.359375,0.15850812196731567,7281.9394471645355,903.24,1736.9813007300002,956416,0.07681138813495636,116,0.0519641637802124,-2.9373350143432617
468,958464,0.390625,0.2460382580757141,7297.956025600433,903.24,1737.9933699900002,958464,0.051801979541778564,127,0.04966849088668823,-2.9589924812316895
469,960512,0.453125,0.2606280446052551,7313.444297075272,903.24,1737.86938068,960512,0.07638967037200928,132,0.10115933418273926,-2.9607255458831787
470,962560,0.546875,0.6308447420597076,7328.091376781464,893.54,1720.6306217100002,962560,0.08234554529190063,139,0.6405732333660126,-3.0055699348449707
471,964608,0.671875,0.6841945052146912,7342.95311331749,874.36,1684.2072837600003,964608,0.07758450508117676,137,0.6728827357292175,-3.0268282890319824
472,966656,0.625,0.13069719076156616,7357.832784414291,874.36,1685.04908271,966656,0.06820562481880188,137,0.0112837553024292,-3.0356314182281494
473,968704,0.5625,0.504431813955307,7372.247651576996,864.68,1667.59272306,968704,0.12226961553096771,142,0.5099281370639801,-3.053271770477295
474,970752,0.421875,0.6180465221405029,7386.794417381287,864.56,1667.5265367099998,970752,0.053628548979759216,140,0.6288465857505798,-3.0714008808135986
475,972800,0.53125,0.09151118993759155,7401.986997127533,864.56,1668.83863805,972800,0.049417588859796524,134,-0.005692005157470703,-3.098724365234375
476,974848,0.640625,0.563258022069931,7416.254205226898,854.94,1650.4401650200002,974848,0.09621037542819977,143,0.544357031583786,-3.0679736137390137
477,976896,0.453125,0.21805953979492188,7430.729074001312,854.94,1651.2305622799997,976896,0.05589677393436432,141,0.057228803634643555,-3.0703158378601074
478,978944,0.5,0.13837403059005737,7445.093537569046,854.94,1651.4447910899999,978944,0.0530836246907711,142,0.01826542615890503,-3.0862326622009277
479,980992,0.5,0.33683842420578003,7459.525902271271,854.94,1651.6801646,980992,0.06530307233333588,141,0.2006816864013672,-3.1315879821777344
480,983040,0.4375,0.5933683514595032,7473.759337902069,845.42,1633.47590305,983040,0.046835824847221375,143,0.5981224477291107,-3.146256446838379
481,985088,0.546875,0.2404419183731079,7488.336506843567,845.42,1634.0125456999997,985088,0.08925553411245346,140,0.13308990001678467,-3.165862560272217
482,987136,0.53125,0.06421434879302979,7504.392081022263,845.42,1635.25686479,987136,0.056582242250442505,127,0.009826958179473877,-3.155041217803955
483,989184,0.484375,0.37237870693206787,7519.374045133591,845.42,1635.2755585500001,989184,0.07453327625989914,136,0.2544565796852112,-3.1179962158203125
484,991232,0.421875,0.09757840633392334,7534.459719181061,845.42,1636.36758475,991232,0.06115277111530304,135,0.0487363338470459,-3.14003586769104
485,993280,0.578125,0.041769981384277344,7551.73495388031,845.42,1637.09835452,993280,0.1110612228512764,118,0.0038574934005737305,-3.1321582794189453
486,995328,0.484375,0.09154367446899414,7569.4627895355225,845.42,1637.6246861900001,995328,0.07670122385025024,115,0.032473862171173096,-3.1661696434020996
487,997376,0.578125,0.09927451610565186,7587.197198629379,845.42,1638.4855388300002,997376,0.07194414734840393,115,0.030125558376312256,-3.168405055999756
488,999424,0.578125,0.050000548362731934,7605.984360456467,845.42,1639.33978336,999424,0.0628596842288971,109,-0.001026749610900879,-3.1618056297302246
